asset,strategy,long_strike,short_strike,entry_cost,max_profit,spot_move,days_held,tp_level,sl_level,final_pnl,roi,exit_reason,profitable,volume,total_oi,strike
BTC,Bull Call Spread,110000.0,111000.0,665.0,335.0,-15,7,0.25,0.25,-166.25,-25.0,stop_loss,False,0.02,1.86,
BTC,Bull Call Spread,110000.0,111000.0,665.0,335.0,-10,14,0.25,0.25,-166.25,-25.0,stop_loss,False,0.02,1.86,
BTC,Bull Call Spread,110000.0,111000.0,665.0,335.0,-5,21,0.25,0.25,-166.25,-25.0,stop_loss,False,0.02,1.86,
BTC,Bull Call Spread,110000.0,111000.0,665.0,335.0,0,30,0.25,0.25,83.75,12.593984962406015,take_profit,True,0.02,1.86,
BTC,Bull Call Spread,110000.0,111000.0,665.0,335.0,5,21,0.25,0.25,83.75,12.593984962406015,take_profit,True,0.02,1.86,
BTC,Bull Call Spread,110000.0,111000.0,665.0,335.0,10,14,0.25,0.25,83.75,12.593984962406015,take_profit,True,0.02,1.86,
BTC,Bull Call Spread,110000.0,111000.0,665.0,335.0,15,7,0.25,0.25,83.75,12.593984962406015,take_profit,True,0.02,1.86,
BTC,Bull Call Spread,110000.0,111000.0,665.0,335.0,-15,7,0.25,0.5,-332.5,-50.0,stop_loss,False,0.02,1.86,
BTC,Bull Call Spread,110000.0,111000.0,665.0,335.0,-10,14,0.25,0.5,-332.5,-50.0,stop_loss,False,0.02,1.86,
BTC,Bull Call Spread,110000.0,111000.0,665.0,335.0,-5,21,0.25,0.5,-332.5,-50.0,stop_loss,False,0.02,1.86,
BTC,Bull Call Spread,110000.0,111000.0,665.0,335.0,0,30,0.25,0.5,83.75,12.593984962406015,take_profit,True,0.02,1.86,
BTC,Bull Call Spread,110000.0,111000.0,665.0,335.0,5,21,0.25,0.5,83.75,12.593984962406015,take_profit,True,0.02,1.86,
BTC,Bull Call Spread,110000.0,111000.0,665.0,335.0,10,14,0.25,0.5,83.75,12.593984962406015,take_profit,True,0.02,1.86,
BTC,Bull Call Spread,110000.0,111000.0,665.0,335.0,15,7,0.25,0.5,83.75,12.593984962406015,take_profit,True,0.02,1.86,
BTC,Bull Call Spread,110000.0,111000.0,665.0,335.0,-15,7,0.25,0.75,-498.75,-75.0,stop_loss,False,0.02,1.86,
BTC,Bull Call Spread,110000.0,111000.0,665.0,335.0,-10,14,0.25,0.75,-498.75,-75.0,stop_loss,False,0.02,1.86,
BTC,Bull Call Spread,110000.0,111000.0,665.0,335.0,-5,21,0.25,0.75,-498.75,-75.0,stop_loss,False,0.02,1.86,
BTC,Bull Call Spread,110000.0,111000.0,665.0,335.0,0,30,0.25,0.75,83.75,12.593984962406015,take_profit,True,0.02,1.86,
BTC,Bull Call Spread,110000.0,111000.0,665.0,335.0,5,21,0.25,0.75,83.75,12.593984962406015,take_profit,True,0.02,1.86,
BTC,Bull Call Spread,110000.0,111000.0,665.0,335.0,10,14,0.25,0.75,83.75,12.593984962406015,take_profit,True,0.02,1.86,
BTC,Bull Call Spread,110000.0,111000.0,665.0,335.0,15,7,0.25,0.75,83.75,12.593984962406015,take_profit,True,0.02,1.86,
BTC,Bull Call Spread,110000.0,111000.0,665.0,335.0,-15,7,0.5,0.25,-166.25,-25.0,stop_loss,False,0.02,1.86,
BTC,Bull Call Spread,110000.0,111000.0,665.0,335.0,-10,14,0.5,0.25,-166.25,-25.0,stop_loss,False,0.02,1.86,
BTC,Bull Call Spread,110000.0,111000.0,665.0,335.0,-5,21,0.5,0.25,-166.25,-25.0,stop_loss,False,0.02,1.86,
BTC,Bull Call Spread,110000.0,111000.0,665.0,335.0,0,30,0.5,0.25,167.5,25.18796992481203,take_profit,True,0.02,1.86,
BTC,Bull Call Spread,110000.0,111000.0,665.0,335.0,5,21,0.5,0.25,167.5,25.18796992481203,take_profit,True,0.02,1.86,
BTC,Bull Call Spread,110000.0,111000.0,665.0,335.0,10,14,0.5,0.25,167.5,25.18796992481203,take_profit,True,0.02,1.86,
BTC,Bull Call Spread,110000.0,111000.0,665.0,335.0,15,7,0.5,0.25,167.5,25.18796992481203,take_profit,True,0.02,1.86,
BTC,Bull Call Spread,110000.0,111000.0,665.0,335.0,-15,7,0.5,0.5,-332.5,-50.0,stop_loss,False,0.02,1.86,
BTC,Bull Call Spread,110000.0,111000.0,665.0,335.0,-10,14,0.5,0.5,-332.5,-50.0,stop_loss,False,0.02,1.86,
BTC,Bull Call Spread,110000.0,111000.0,665.0,335.0,-5,21,0.5,0.5,-332.5,-50.0,stop_loss,False,0.02,1.86,
BTC,Bull Call Spread,110000.0,111000.0,665.0,335.0,0,30,0.5,0.5,167.5,25.18796992481203,take_profit,True,0.02,1.86,
BTC,Bull Call Spread,110000.0,111000.0,665.0,335.0,5,21,0.5,0.5,167.5,25.18796992481203,take_profit,True,0.02,1.86,
BTC,Bull Call Spread,110000.0,111000.0,665.0,335.0,10,14,0.5,0.5,167.5,25.18796992481203,take_profit,True,0.02,1.86,
BTC,Bull Call Spread,110000.0,111000.0,665.0,335.0,15,7,0.5,0.5,167.5,25.18796992481203,take_profit,True,0.02,1.86,
BTC,Bull Call Spread,110000.0,111000.0,665.0,335.0,-15,7,0.5,0.75,-498.75,-75.0,stop_loss,False,0.02,1.86,
BTC,Bull Call Spread,110000.0,111000.0,665.0,335.0,-10,14,0.5,0.75,-498.75,-75.0,stop_loss,False,0.02,1.86,
BTC,Bull Call Spread,110000.0,111000.0,665.0,335.0,-5,21,0.5,0.75,-498.75,-75.0,stop_loss,False,0.02,1.86,
BTC,Bull Call Spread,110000.0,111000.0,665.0,335.0,0,30,0.5,0.75,167.5,25.18796992481203,take_profit,True,0.02,1.86,
BTC,Bull Call Spread,110000.0,111000.0,665.0,335.0,5,21,0.5,0.75,167.5,25.18796992481203,take_profit,True,0.02,1.86,
BTC,Bull Call Spread,110000.0,111000.0,665.0,335.0,10,14,0.5,0.75,167.5,25.18796992481203,take_profit,True,0.02,1.86,
BTC,Bull Call Spread,110000.0,111000.0,665.0,335.0,15,7,0.5,0.75,167.5,25.18796992481203,take_profit,True,0.02,1.86,
BTC,Bull Call Spread,110000.0,111000.0,665.0,335.0,-15,7,0.75,0.25,-166.25,-25.0,stop_loss,False,0.02,1.86,
BTC,Bull Call Spread,110000.0,111000.0,665.0,335.0,-10,14,0.75,0.25,-166.25,-25.0,stop_loss,False,0.02,1.86,
BTC,Bull Call Spread,110000.0,111000.0,665.0,335.0,-5,21,0.75,0.25,-166.25,-25.0,stop_loss,False,0.02,1.86,
BTC,Bull Call Spread,110000.0,111000.0,665.0,335.0,0,30,0.75,0.25,251.25,37.78195488721804,take_profit,True,0.02,1.86,
BTC,Bull Call Spread,110000.0,111000.0,665.0,335.0,5,21,0.75,0.25,251.25,37.78195488721804,take_profit,True,0.02,1.86,
BTC,Bull Call Spread,110000.0,111000.0,665.0,335.0,10,14,0.75,0.25,251.25,37.78195488721804,take_profit,True,0.02,1.86,
BTC,Bull Call Spread,110000.0,111000.0,665.0,335.0,15,7,0.75,0.25,251.25,37.78195488721804,take_profit,True,0.02,1.86,
BTC,Bull Call Spread,110000.0,111000.0,665.0,335.0,-15,7,0.75,0.5,-332.5,-50.0,stop_loss,False,0.02,1.86,
BTC,Bull Call Spread,110000.0,111000.0,665.0,335.0,-10,14,0.75,0.5,-332.5,-50.0,stop_loss,False,0.02,1.86,
BTC,Bull Call Spread,110000.0,111000.0,665.0,335.0,-5,21,0.75,0.5,-332.5,-50.0,stop_loss,False,0.02,1.86,
BTC,Bull Call Spread,110000.0,111000.0,665.0,335.0,0,30,0.75,0.5,251.25,37.78195488721804,take_profit,True,0.02,1.86,
BTC,Bull Call Spread,110000.0,111000.0,665.0,335.0,5,21,0.75,0.5,251.25,37.78195488721804,take_profit,True,0.02,1.86,
BTC,Bull Call Spread,110000.0,111000.0,665.0,335.0,10,14,0.75,0.5,251.25,37.78195488721804,take_profit,True,0.02,1.86,
BTC,Bull Call Spread,110000.0,111000.0,665.0,335.0,15,7,0.75,0.5,251.25,37.78195488721804,take_profit,True,0.02,1.86,
BTC,Bull Call Spread,110000.0,111000.0,665.0,335.0,-15,7,0.75,0.75,-498.75,-75.0,stop_loss,False,0.02,1.86,
BTC,Bull Call Spread,110000.0,111000.0,665.0,335.0,-10,14,0.75,0.75,-498.75,-75.0,stop_loss,False,0.02,1.86,
BTC,Bull Call Spread,110000.0,111000.0,665.0,335.0,-5,21,0.75,0.75,-498.75,-75.0,stop_loss,False,0.02,1.86,
BTC,Bull Call Spread,110000.0,111000.0,665.0,335.0,0,30,0.75,0.75,251.25,37.78195488721804,take_profit,True,0.02,1.86,
BTC,Bull Call Spread,110000.0,111000.0,665.0,335.0,5,21,0.75,0.75,251.25,37.78195488721804,take_profit,True,0.02,1.86,
BTC,Bull Call Spread,110000.0,111000.0,665.0,335.0,10,14,0.75,0.75,251.25,37.78195488721804,take_profit,True,0.02,1.86,
BTC,Bull Call Spread,110000.0,111000.0,665.0,335.0,15,7,0.75,0.75,251.25,37.78195488721804,take_profit,True,0.02,1.86,
BTC,Bull Call Spread,110000.0,111000.0,665.0,335.0,-15,7,1.0,0.25,-166.25,-25.0,stop_loss,False,0.02,1.86,
BTC,Bull Call Spread,110000.0,111000.0,665.0,335.0,-10,14,1.0,0.25,-166.25,-25.0,stop_loss,False,0.02,1.86,
BTC,Bull Call Spread,110000.0,111000.0,665.0,335.0,-5,21,1.0,0.25,-166.25,-25.0,stop_loss,False,0.02,1.86,
BTC,Bull Call Spread,110000.0,111000.0,665.0,335.0,0,30,1.0,0.25,335.0,50.37593984962406,take_profit,True,0.02,1.86,
BTC,Bull Call Spread,110000.0,111000.0,665.0,335.0,5,21,1.0,0.25,335.0,50.37593984962406,take_profit,True,0.02,1.86,
BTC,Bull Call Spread,110000.0,111000.0,665.0,335.0,10,14,1.0,0.25,335.0,50.37593984962406,take_profit,True,0.02,1.86,
BTC,Bull Call Spread,110000.0,111000.0,665.0,335.0,15,7,1.0,0.25,335.0,50.37593984962406,take_profit,True,0.02,1.86,
BTC,Bull Call Spread,110000.0,111000.0,665.0,335.0,-15,7,1.0,0.5,-332.5,-50.0,stop_loss,False,0.02,1.86,
BTC,Bull Call Spread,110000.0,111000.0,665.0,335.0,-10,14,1.0,0.5,-332.5,-50.0,stop_loss,False,0.02,1.86,
BTC,Bull Call Spread,110000.0,111000.0,665.0,335.0,-5,21,1.0,0.5,-332.5,-50.0,stop_loss,False,0.02,1.86,
BTC,Bull Call Spread,110000.0,111000.0,665.0,335.0,0,30,1.0,0.5,335.0,50.37593984962406,take_profit,True,0.02,1.86,
BTC,Bull Call Spread,110000.0,111000.0,665.0,335.0,5,21,1.0,0.5,335.0,50.37593984962406,take_profit,True,0.02,1.86,
BTC,Bull Call Spread,110000.0,111000.0,665.0,335.0,10,14,1.0,0.5,335.0,50.37593984962406,take_profit,True,0.02,1.86,
BTC,Bull Call Spread,110000.0,111000.0,665.0,335.0,15,7,1.0,0.5,335.0,50.37593984962406,take_profit,True,0.02,1.86,
BTC,Bull Call Spread,110000.0,111000.0,665.0,335.0,-15,7,1.0,0.75,-498.75,-75.0,stop_loss,False,0.02,1.86,
BTC,Bull Call Spread,110000.0,111000.0,665.0,335.0,-10,14,1.0,0.75,-498.75,-75.0,stop_loss,False,0.02,1.86,
BTC,Bull Call Spread,110000.0,111000.0,665.0,335.0,-5,21,1.0,0.75,-498.75,-75.0,stop_loss,False,0.02,1.86,
BTC,Bull Call Spread,110000.0,111000.0,665.0,335.0,0,30,1.0,0.75,335.0,50.37593984962406,take_profit,True,0.02,1.86,
BTC,Bull Call Spread,110000.0,111000.0,665.0,335.0,5,21,1.0,0.75,335.0,50.37593984962406,take_profit,True,0.02,1.86,
BTC,Bull Call Spread,110000.0,111000.0,665.0,335.0,10,14,1.0,0.75,335.0,50.37593984962406,take_profit,True,0.02,1.86,
BTC,Bull Call Spread,110000.0,111000.0,665.0,335.0,15,7,1.0,0.75,335.0,50.37593984962406,take_profit,True,0.02,1.86,
BTC,Bull Call Spread,111000.0,112000.0,640.0,360.0,-15,7,0.25,0.25,-160.0,-25.0,stop_loss,False,0.46,6.99,
BTC,Bull Call Spread,111000.0,112000.0,640.0,360.0,-10,14,0.25,0.25,-160.0,-25.0,stop_loss,False,0.46,6.99,
BTC,Bull Call Spread,111000.0,112000.0,640.0,360.0,-5,21,0.25,0.25,-160.0,-25.0,stop_loss,False,0.46,6.99,
BTC,Bull Call Spread,111000.0,112000.0,640.0,360.0,0,30,0.25,0.25,90.0,14.0625,take_profit,True,0.46,6.99,
BTC,Bull Call Spread,111000.0,112000.0,640.0,360.0,5,21,0.25,0.25,90.0,14.0625,take_profit,True,0.46,6.99,
BTC,Bull Call Spread,111000.0,112000.0,640.0,360.0,10,14,0.25,0.25,90.0,14.0625,take_profit,True,0.46,6.99,
BTC,Bull Call Spread,111000.0,112000.0,640.0,360.0,15,7,0.25,0.25,90.0,14.0625,take_profit,True,0.46,6.99,
BTC,Bull Call Spread,111000.0,112000.0,640.0,360.0,-15,7,0.25,0.5,-320.0,-50.0,stop_loss,False,0.46,6.99,
BTC,Bull Call Spread,111000.0,112000.0,640.0,360.0,-10,14,0.25,0.5,-320.0,-50.0,stop_loss,False,0.46,6.99,
BTC,Bull Call Spread,111000.0,112000.0,640.0,360.0,-5,21,0.25,0.5,-320.0,-50.0,stop_loss,False,0.46,6.99,
BTC,Bull Call Spread,111000.0,112000.0,640.0,360.0,0,30,0.25,0.5,90.0,14.0625,take_profit,True,0.46,6.99,
BTC,Bull Call Spread,111000.0,112000.0,640.0,360.0,5,21,0.25,0.5,90.0,14.0625,take_profit,True,0.46,6.99,
BTC,Bull Call Spread,111000.0,112000.0,640.0,360.0,10,14,0.25,0.5,90.0,14.0625,take_profit,True,0.46,6.99,
BTC,Bull Call Spread,111000.0,112000.0,640.0,360.0,15,7,0.25,0.5,90.0,14.0625,take_profit,True,0.46,6.99,
BTC,Bull Call Spread,111000.0,112000.0,640.0,360.0,-15,7,0.25,0.75,-480.0,-75.0,stop_loss,False,0.46,6.99,
BTC,Bull Call Spread,111000.0,112000.0,640.0,360.0,-10,14,0.25,0.75,-480.0,-75.0,stop_loss,False,0.46,6.99,
BTC,Bull Call Spread,111000.0,112000.0,640.0,360.0,-5,21,0.25,0.75,-480.0,-75.0,stop_loss,False,0.46,6.99,
BTC,Bull Call Spread,111000.0,112000.0,640.0,360.0,0,30,0.25,0.75,90.0,14.0625,take_profit,True,0.46,6.99,
BTC,Bull Call Spread,111000.0,112000.0,640.0,360.0,5,21,0.25,0.75,90.0,14.0625,take_profit,True,0.46,6.99,
BTC,Bull Call Spread,111000.0,112000.0,640.0,360.0,10,14,0.25,0.75,90.0,14.0625,take_profit,True,0.46,6.99,
BTC,Bull Call Spread,111000.0,112000.0,640.0,360.0,15,7,0.25,0.75,90.0,14.0625,take_profit,True,0.46,6.99,
BTC,Bull Call Spread,111000.0,112000.0,640.0,360.0,-15,7,0.5,0.25,-160.0,-25.0,stop_loss,False,0.46,6.99,
BTC,Bull Call Spread,111000.0,112000.0,640.0,360.0,-10,14,0.5,0.25,-160.0,-25.0,stop_loss,False,0.46,6.99,
BTC,Bull Call Spread,111000.0,112000.0,640.0,360.0,-5,21,0.5,0.25,-160.0,-25.0,stop_loss,False,0.46,6.99,
BTC,Bull Call Spread,111000.0,112000.0,640.0,360.0,0,30,0.5,0.25,180.0,28.125,take_profit,True,0.46,6.99,
BTC,Bull Call Spread,111000.0,112000.0,640.0,360.0,5,21,0.5,0.25,180.0,28.125,take_profit,True,0.46,6.99,
BTC,Bull Call Spread,111000.0,112000.0,640.0,360.0,10,14,0.5,0.25,180.0,28.125,take_profit,True,0.46,6.99,
BTC,Bull Call Spread,111000.0,112000.0,640.0,360.0,15,7,0.5,0.25,180.0,28.125,take_profit,True,0.46,6.99,
BTC,Bull Call Spread,111000.0,112000.0,640.0,360.0,-15,7,0.5,0.5,-320.0,-50.0,stop_loss,False,0.46,6.99,
BTC,Bull Call Spread,111000.0,112000.0,640.0,360.0,-10,14,0.5,0.5,-320.0,-50.0,stop_loss,False,0.46,6.99,
BTC,Bull Call Spread,111000.0,112000.0,640.0,360.0,-5,21,0.5,0.5,-320.0,-50.0,stop_loss,False,0.46,6.99,
BTC,Bull Call Spread,111000.0,112000.0,640.0,360.0,0,30,0.5,0.5,180.0,28.125,take_profit,True,0.46,6.99,
BTC,Bull Call Spread,111000.0,112000.0,640.0,360.0,5,21,0.5,0.5,180.0,28.125,take_profit,True,0.46,6.99,
BTC,Bull Call Spread,111000.0,112000.0,640.0,360.0,10,14,0.5,0.5,180.0,28.125,take_profit,True,0.46,6.99,
BTC,Bull Call Spread,111000.0,112000.0,640.0,360.0,15,7,0.5,0.5,180.0,28.125,take_profit,True,0.46,6.99,
BTC,Bull Call Spread,111000.0,112000.0,640.0,360.0,-15,7,0.5,0.75,-480.0,-75.0,stop_loss,False,0.46,6.99,
BTC,Bull Call Spread,111000.0,112000.0,640.0,360.0,-10,14,0.5,0.75,-480.0,-75.0,stop_loss,False,0.46,6.99,
BTC,Bull Call Spread,111000.0,112000.0,640.0,360.0,-5,21,0.5,0.75,-480.0,-75.0,stop_loss,False,0.46,6.99,
BTC,Bull Call Spread,111000.0,112000.0,640.0,360.0,0,30,0.5,0.75,180.0,28.125,take_profit,True,0.46,6.99,
BTC,Bull Call Spread,111000.0,112000.0,640.0,360.0,5,21,0.5,0.75,180.0,28.125,take_profit,True,0.46,6.99,
BTC,Bull Call Spread,111000.0,112000.0,640.0,360.0,10,14,0.5,0.75,180.0,28.125,take_profit,True,0.46,6.99,
BTC,Bull Call Spread,111000.0,112000.0,640.0,360.0,15,7,0.5,0.75,180.0,28.125,take_profit,True,0.46,6.99,
BTC,Bull Call Spread,111000.0,112000.0,640.0,360.0,-15,7,0.75,0.25,-160.0,-25.0,stop_loss,False,0.46,6.99,
BTC,Bull Call Spread,111000.0,112000.0,640.0,360.0,-10,14,0.75,0.25,-160.0,-25.0,stop_loss,False,0.46,6.99,
BTC,Bull Call Spread,111000.0,112000.0,640.0,360.0,-5,21,0.75,0.25,-160.0,-25.0,stop_loss,False,0.46,6.99,
BTC,Bull Call Spread,111000.0,112000.0,640.0,360.0,0,30,0.75,0.25,270.0,42.1875,take_profit,True,0.46,6.99,
BTC,Bull Call Spread,111000.0,112000.0,640.0,360.0,5,21,0.75,0.25,270.0,42.1875,take_profit,True,0.46,6.99,
BTC,Bull Call Spread,111000.0,112000.0,640.0,360.0,10,14,0.75,0.25,270.0,42.1875,take_profit,True,0.46,6.99,
BTC,Bull Call Spread,111000.0,112000.0,640.0,360.0,15,7,0.75,0.25,270.0,42.1875,take_profit,True,0.46,6.99,
BTC,Bull Call Spread,111000.0,112000.0,640.0,360.0,-15,7,0.75,0.5,-320.0,-50.0,stop_loss,False,0.46,6.99,
BTC,Bull Call Spread,111000.0,112000.0,640.0,360.0,-10,14,0.75,0.5,-320.0,-50.0,stop_loss,False,0.46,6.99,
BTC,Bull Call Spread,111000.0,112000.0,640.0,360.0,-5,21,0.75,0.5,-320.0,-50.0,stop_loss,False,0.46,6.99,
BTC,Bull Call Spread,111000.0,112000.0,640.0,360.0,0,30,0.75,0.5,270.0,42.1875,take_profit,True,0.46,6.99,
BTC,Bull Call Spread,111000.0,112000.0,640.0,360.0,5,21,0.75,0.5,270.0,42.1875,take_profit,True,0.46,6.99,
BTC,Bull Call Spread,111000.0,112000.0,640.0,360.0,10,14,0.75,0.5,270.0,42.1875,take_profit,True,0.46,6.99,
BTC,Bull Call Spread,111000.0,112000.0,640.0,360.0,15,7,0.75,0.5,270.0,42.1875,take_profit,True,0.46,6.99,
BTC,Bull Call Spread,111000.0,112000.0,640.0,360.0,-15,7,0.75,0.75,-480.0,-75.0,stop_loss,False,0.46,6.99,
BTC,Bull Call Spread,111000.0,112000.0,640.0,360.0,-10,14,0.75,0.75,-480.0,-75.0,stop_loss,False,0.46,6.99,
BTC,Bull Call Spread,111000.0,112000.0,640.0,360.0,-5,21,0.75,0.75,-480.0,-75.0,stop_loss,False,0.46,6.99,
BTC,Bull Call Spread,111000.0,112000.0,640.0,360.0,0,30,0.75,0.75,270.0,42.1875,take_profit,True,0.46,6.99,
BTC,Bull Call Spread,111000.0,112000.0,640.0,360.0,5,21,0.75,0.75,270.0,42.1875,take_profit,True,0.46,6.99,
BTC,Bull Call Spread,111000.0,112000.0,640.0,360.0,10,14,0.75,0.75,270.0,42.1875,take_profit,True,0.46,6.99,
BTC,Bull Call Spread,111000.0,112000.0,640.0,360.0,15,7,0.75,0.75,270.0,42.1875,take_profit,True,0.46,6.99,
BTC,Bull Call Spread,111000.0,112000.0,640.0,360.0,-15,7,1.0,0.25,-160.0,-25.0,stop_loss,False,0.46,6.99,
BTC,Bull Call Spread,111000.0,112000.0,640.0,360.0,-10,14,1.0,0.25,-160.0,-25.0,stop_loss,False,0.46,6.99,
BTC,Bull Call Spread,111000.0,112000.0,640.0,360.0,-5,21,1.0,0.25,-160.0,-25.0,stop_loss,False,0.46,6.99,
BTC,Bull Call Spread,111000.0,112000.0,640.0,360.0,0,30,1.0,0.25,360.0,56.25,take_profit,True,0.46,6.99,
BTC,Bull Call Spread,111000.0,112000.0,640.0,360.0,5,21,1.0,0.25,360.0,56.25,take_profit,True,0.46,6.99,
BTC,Bull Call Spread,111000.0,112000.0,640.0,360.0,10,14,1.0,0.25,360.0,56.25,take_profit,True,0.46,6.99,
BTC,Bull Call Spread,111000.0,112000.0,640.0,360.0,15,7,1.0,0.25,360.0,56.25,take_profit,True,0.46,6.99,
BTC,Bull Call Spread,111000.0,112000.0,640.0,360.0,-15,7,1.0,0.5,-320.0,-50.0,stop_loss,False,0.46,6.99,
BTC,Bull Call Spread,111000.0,112000.0,640.0,360.0,-10,14,1.0,0.5,-320.0,-50.0,stop_loss,False,0.46,6.99,
BTC,Bull Call Spread,111000.0,112000.0,640.0,360.0,-5,21,1.0,0.5,-320.0,-50.0,stop_loss,False,0.46,6.99,
BTC,Bull Call Spread,111000.0,112000.0,640.0,360.0,0,30,1.0,0.5,360.0,56.25,take_profit,True,0.46,6.99,
BTC,Bull Call Spread,111000.0,112000.0,640.0,360.0,5,21,1.0,0.5,360.0,56.25,take_profit,True,0.46,6.99,
BTC,Bull Call Spread,111000.0,112000.0,640.0,360.0,10,14,1.0,0.5,360.0,56.25,take_profit,True,0.46,6.99,
BTC,Bull Call Spread,111000.0,112000.0,640.0,360.0,15,7,1.0,0.5,360.0,56.25,take_profit,True,0.46,6.99,
BTC,Bull Call Spread,111000.0,112000.0,640.0,360.0,-15,7,1.0,0.75,-480.0,-75.0,stop_loss,False,0.46,6.99,
BTC,Bull Call Spread,111000.0,112000.0,640.0,360.0,-10,14,1.0,0.75,-480.0,-75.0,stop_loss,False,0.46,6.99,
BTC,Bull Call Spread,111000.0,112000.0,640.0,360.0,-5,21,1.0,0.75,-480.0,-75.0,stop_loss,False,0.46,6.99,
BTC,Bull Call Spread,111000.0,112000.0,640.0,360.0,0,30,1.0,0.75,360.0,56.25,take_profit,True,0.46,6.99,
BTC,Bull Call Spread,111000.0,112000.0,640.0,360.0,5,21,1.0,0.75,360.0,56.25,take_profit,True,0.46,6.99,
BTC,Bull Call Spread,111000.0,112000.0,640.0,360.0,10,14,1.0,0.75,360.0,56.25,take_profit,True,0.46,6.99,
BTC,Bull Call Spread,111000.0,112000.0,640.0,360.0,15,7,1.0,0.75,360.0,56.25,take_profit,True,0.46,6.99,
BTC,Long Straddle,,,8500.0,,-15,7,0.25,0.25,2125.0,25.0,take_profit,True,0.44,16.48,112000.0
BTC,Long Straddle,,,8500.0,,-10,14,0.25,0.25,2125.0,25.0,take_profit,True,0.44,16.48,112000.0
BTC,Long Straddle,,,8500.0,,-5,21,0.25,0.25,-2125.0,-25.0,stop_loss,False,0.44,16.48,112000.0
BTC,Long Straddle,,,8500.0,,0,30,0.25,0.25,-2125.0,-25.0,stop_loss,False,0.44,16.48,112000.0
BTC,Long Straddle,,,8500.0,,5,21,0.25,0.25,-2125.0,-25.0,stop_loss,False,0.44,16.48,112000.0
BTC,Long Straddle,,,8500.0,,10,14,0.25,0.25,2125.0,25.0,take_profit,True,0.44,16.48,112000.0
BTC,Long Straddle,,,8500.0,,15,7,0.25,0.25,2125.0,25.0,take_profit,True,0.44,16.48,112000.0
BTC,Long Straddle,,,8500.0,,-15,7,0.25,0.5,2125.0,25.0,take_profit,True,0.44,16.48,112000.0
BTC,Long Straddle,,,8500.0,,-10,14,0.25,0.5,2125.0,25.0,take_profit,True,0.44,16.48,112000.0
BTC,Long Straddle,,,8500.0,,-5,21,0.25,0.5,-3241.0499999999884,-38.12999999999987,expiry,False,0.44,16.48,112000.0
BTC,Long Straddle,,,8500.0,,0,30,0.25,0.5,-4250.0,-50.0,stop_loss,False,0.44,16.48,112000.0
BTC,Long Straddle,,,8500.0,,5,21,0.25,0.5,-2523.0499999999884,-29.68294117647045,expiry,False,0.44,16.48,112000.0
BTC,Long Straddle,,,8500.0,,10,14,0.25,0.5,2125.0,25.0,take_profit,True,0.44,16.48,112000.0
BTC,Long Straddle,,,8500.0,,15,7,0.25,0.5,2125.0,25.0,take_profit,True,0.44,16.48,112000.0
BTC,Long Straddle,,,8500.0,,-15,7,0.25,0.75,2125.0,25.0,take_profit,True,0.44,16.48,112000.0
BTC,Long Straddle,,,8500.0,,-10,14,0.25,0.75,2125.0,25.0,take_profit,True,0.44,16.48,112000.0
BTC,Long Straddle,,,8500.0,,-5,21,0.25,0.75,-3241.0499999999884,-38.12999999999987,expiry,False,0.44,16.48,112000.0
BTC,Long Straddle,,,8500.0,,0,30,0.25,0.75,-6375.0,-75.0,stop_loss,False,0.44,16.48,112000.0
BTC,Long Straddle,,,8500.0,,5,21,0.25,0.75,-2523.0499999999884,-29.68294117647045,expiry,False,0.44,16.48,112000.0
BTC,Long Straddle,,,8500.0,,10,14,0.25,0.75,2125.0,25.0,take_profit,True,0.44,16.48,112000.0
BTC,Long Straddle,,,8500.0,,15,7,0.25,0.75,2125.0,25.0,take_profit,True,0.44,16.48,112000.0
BTC,Long Straddle,,,8500.0,,-15,7,0.5,0.25,4250.0,50.0,take_profit,True,0.44,16.48,112000.0
BTC,Long Straddle,,,8500.0,,-10,14,0.5,0.25,2376.899999999994,27.963529411764636,expiry,True,0.44,16.48,112000.0
BTC,Long Straddle,,,8500.0,,-5,21,0.5,0.25,-2125.0,-25.0,stop_loss,False,0.44,16.48,112000.0
BTC,Long Straddle,,,8500.0,,0,30,0.5,0.25,-2125.0,-25.0,stop_loss,False,0.44,16.48,112000.0
BTC,Long Straddle,,,8500.0,,5,21,0.5,0.25,-2125.0,-25.0,stop_loss,False,0.44,16.48,112000.0
BTC,Long Straddle,,,8500.0,,10,14,0.5,0.25,3094.9000000000087,36.41058823529422,expiry,True,0.44,16.48,112000.0
BTC,Long Straddle,,,8500.0,,15,7,0.5,0.25,4250.0,50.0,take_profit,True,0.44,16.48,112000.0
BTC,Long Straddle,,,8500.0,,-15,7,0.5,0.5,4250.0,50.0,take_profit,True,0.44,16.48,112000.0
BTC,Long Straddle,,,8500.0,,-10,14,0.5,0.5,2376.899999999994,27.963529411764636,expiry,True,0.44,16.48,112000.0
BTC,Long Straddle,,,8500.0,,-5,21,0.5,0.5,-3241.0499999999884,-38.12999999999987,expiry,False,0.44,16.48,112000.0
BTC,Long Straddle,,,8500.0,,0,30,0.5,0.5,-4250.0,-50.0,stop_loss,False,0.44,16.48,112000.0
BTC,Long Straddle,,,8500.0,,5,21,0.5,0.5,-2523.0499999999884,-29.68294117647045,expiry,False,0.44,16.48,112000.0
BTC,Long Straddle,,,8500.0,,10,14,0.5,0.5,3094.9000000000087,36.41058823529422,expiry,True,0.44,16.48,112000.0
BTC,Long Straddle,,,8500.0,,15,7,0.5,0.5,4250.0,50.0,take_profit,True,0.44,16.48,112000.0
BTC,Long Straddle,,,8500.0,,-15,7,0.5,0.75,4250.0,50.0,take_profit,True,0.44,16.48,112000.0
BTC,Long Straddle,,,8500.0,,-10,14,0.5,0.75,2376.899999999994,27.963529411764636,expiry,True,0.44,16.48,112000.0
BTC,Long Straddle,,,8500.0,,-5,21,0.5,0.75,-3241.0499999999884,-38.12999999999987,expiry,False,0.44,16.48,112000.0
BTC,Long Straddle,,,8500.0,,0,30,0.5,0.75,-6375.0,-75.0,stop_loss,False,0.44,16.48,112000.0
BTC,Long Straddle,,,8500.0,,5,21,0.5,0.75,-2523.0499999999884,-29.68294117647045,expiry,False,0.44,16.48,112000.0
BTC,Long Straddle,,,8500.0,,10,14,0.5,0.75,3094.9000000000087,36.41058823529422,expiry,True,0.44,16.48,112000.0
BTC,Long Straddle,,,8500.0,,15,7,0.5,0.75,4250.0,50.0,take_profit,True,0.44,16.48,112000.0
BTC,Long Straddle,,,8500.0,,-15,7,0.75,0.25,6375.0,75.0,take_profit,True,0.44,16.48,112000.0
BTC,Long Straddle,,,8500.0,,-10,14,0.75,0.25,2376.899999999994,27.963529411764636,expiry,True,0.44,16.48,112000.0
BTC,Long Straddle,,,8500.0,,-5,21,0.75,0.25,-2125.0,-25.0,stop_loss,False,0.44,16.48,112000.0
BTC,Long Straddle,,,8500.0,,0,30,0.75,0.25,-2125.0,-25.0,stop_loss,False,0.44,16.48,112000.0
BTC,Long Straddle,,,8500.0,,5,21,0.75,0.25,-2125.0,-25.0,stop_loss,False,0.44,16.48,112000.0
BTC,Long Straddle,,,8500.0,,10,14,0.75,0.25,3094.9000000000087,36.41058823529422,expiry,True,0.44,16.48,112000.0
BTC,Long Straddle,,,8500.0,,15,7,0.75,0.25,6375.0,75.0,take_profit,True,0.44,16.48,112000.0
BTC,Long Straddle,,,8500.0,,-15,7,0.75,0.5,6375.0,75.0,take_profit,True,0.44,16.48,112000.0
BTC,Long Straddle,,,8500.0,,-10,14,0.75,0.5,2376.899999999994,27.963529411764636,expiry,True,0.44,16.48,112000.0
BTC,Long Straddle,,,8500.0,,-5,21,0.75,0.5,-3241.0499999999884,-38.12999999999987,expiry,False,0.44,16.48,112000.0
BTC,Long Straddle,,,8500.0,,0,30,0.75,0.5,-4250.0,-50.0,stop_loss,False,0.44,16.48,112000.0
BTC,Long Straddle,,,8500.0,,5,21,0.75,0.5,-2523.0499999999884,-29.68294117647045,expiry,False,0.44,16.48,112000.0
BTC,Long Straddle,,,8500.0,,10,14,0.75,0.5,3094.9000000000087,36.41058823529422,expiry,True,0.44,16.48,112000.0
BTC,Long Straddle,,,8500.0,,15,7,0.75,0.5,6375.0,75.0,take_profit,True,0.44,16.48,112000.0
BTC,Long Straddle,,,8500.0,,-15,7,0.75,0.75,6375.0,75.0,take_profit,True,0.44,16.48,112000.0
BTC,Long Straddle,,,8500.0,,-10,14,0.75,0.75,2376.899999999994,27.963529411764636,expiry,True,0.44,16.48,112000.0
BTC,Long Straddle,,,8500.0,,-5,21,0.75,0.75,-3241.0499999999884,-38.12999999999987,expiry,False,0.44,16.48,112000.0
BTC,Long Straddle,,,8500.0,,0,30,0.75,0.75,-6375.0,-75.0,stop_loss,False,0.44,16.48,112000.0
BTC,Long Straddle,,,8500.0,,5,21,0.75,0.75,-2523.0499999999884,-29.68294117647045,expiry,False,0.44,16.48,112000.0
BTC,Long Straddle,,,8500.0,,10,14,0.75,0.75,3094.9000000000087,36.41058823529422,expiry,True,0.44,16.48,112000.0
BTC,Long Straddle,,,8500.0,,15,7,0.75,0.75,6375.0,75.0,take_profit,True,0.44,16.48,112000.0
BTC,Long Straddle,,,8500.0,,-15,7,1.0,0.25,7994.850000000006,94.05705882352949,expiry,True,0.44,16.48,112000.0
BTC,Long Straddle,,,8500.0,,-10,14,1.0,0.25,2376.899999999994,27.963529411764636,expiry,True,0.44,16.48,112000.0
BTC,Long Straddle,,,8500.0,,-5,21,1.0,0.25,-2125.0,-25.0,stop_loss,False,0.44,16.48,112000.0
BTC,Long Straddle,,,8500.0,,0,30,1.0,0.25,-2125.0,-25.0,stop_loss,False,0.44,16.48,112000.0
BTC,Long Straddle,,,8500.0,,5,21,1.0,0.25,-2125.0,-25.0,stop_loss,False,0.44,16.48,112000.0
BTC,Long Straddle,,,8500.0,,10,14,1.0,0.25,3094.9000000000087,36.41058823529422,expiry,True,0.44,16.48,112000.0
BTC,Long Straddle,,,8500.0,,15,7,1.0,0.25,8500.0,100.0,take_profit,True,0.44,16.48,112000.0
BTC,Long Straddle,,,8500.0,,-15,7,1.0,0.5,7994.850000000006,94.05705882352949,expiry,True,0.44,16.48,112000.0
BTC,Long Straddle,,,8500.0,,-10,14,1.0,0.5,2376.899999999994,27.963529411764636,expiry,True,0.44,16.48,112000.0
BTC,Long Straddle,,,8500.0,,-5,21,1.0,0.5,-3241.0499999999884,-38.12999999999987,expiry,False,0.44,16.48,112000.0
BTC,Long Straddle,,,8500.0,,0,30,1.0,0.5,-4250.0,-50.0,stop_loss,False,0.44,16.48,112000.0
BTC,Long Straddle,,,8500.0,,5,21,1.0,0.5,-2523.0499999999884,-29.68294117647045,expiry,False,0.44,16.48,112000.0
BTC,Long Straddle,,,8500.0,,10,14,1.0,0.5,3094.9000000000087,36.41058823529422,expiry,True,0.44,16.48,112000.0
BTC,Long Straddle,,,8500.0,,15,7,1.0,0.5,8500.0,100.0,take_profit,True,0.44,16.48,112000.0
BTC,Long Straddle,,,8500.0,,-15,7,1.0,0.75,7994.850000000006,94.05705882352949,expiry,True,0.44,16.48,112000.0
BTC,Long Straddle,,,8500.0,,-10,14,1.0,0.75,2376.899999999994,27.963529411764636,expiry,True,0.44,16.48,112000.0
BTC,Long Straddle,,,8500.0,,-5,21,1.0,0.75,-3241.0499999999884,-38.12999999999987,expiry,False,0.44,16.48,112000.0
BTC,Long Straddle,,,8500.0,,0,30,1.0,0.75,-6375.0,-75.0,stop_loss,False,0.44,16.48,112000.0
BTC,Long Straddle,,,8500.0,,5,21,1.0,0.75,-2523.0499999999884,-29.68294117647045,expiry,False,0.44,16.48,112000.0
BTC,Long Straddle,,,8500.0,,10,14,1.0,0.75,3094.9000000000087,36.41058823529422,expiry,True,0.44,16.48,112000.0
BTC,Long Straddle,,,8500.0,,15,7,1.0,0.75,8500.0,100.0,take_profit,True,0.44,16.48,112000.0
ETH,Bull Call Spread,3800.0,3900.0,67.0,33.0,-15,7,0.25,0.25,-16.75,-25.0,stop_loss,False,2.0,159.9,
ETH,Bull Call Spread,3800.0,3900.0,67.0,33.0,-10,14,0.25,0.25,-16.75,-25.0,stop_loss,False,2.0,159.9,
ETH,Bull Call Spread,3800.0,3900.0,67.0,33.0,-5,21,0.25,0.25,-16.75,-25.0,stop_loss,False,2.0,159.9,
ETH,Bull Call Spread,3800.0,3900.0,67.0,33.0,0,30,0.25,0.25,8.25,12.313432835820896,take_profit,True,2.0,159.9,
ETH,Bull Call Spread,3800.0,3900.0,67.0,33.0,5,21,0.25,0.25,8.25,12.313432835820896,take_profit,True,2.0,159.9,
ETH,Bull Call Spread,3800.0,3900.0,67.0,33.0,10,14,0.25,0.25,8.25,12.313432835820896,take_profit,True,2.0,159.9,
ETH,Bull Call Spread,3800.0,3900.0,67.0,33.0,15,7,0.25,0.25,8.25,12.313432835820896,take_profit,True,2.0,159.9,
ETH,Bull Call Spread,3800.0,3900.0,67.0,33.0,-15,7,0.25,0.5,-33.5,-50.0,stop_loss,False,2.0,159.9,
ETH,Bull Call Spread,3800.0,3900.0,67.0,33.0,-10,14,0.25,0.5,-33.5,-50.0,stop_loss,False,2.0,159.9,
ETH,Bull Call Spread,3800.0,3900.0,67.0,33.0,-5,21,0.25,0.5,-33.5,-50.0,stop_loss,False,2.0,159.9,
ETH,Bull Call Spread,3800.0,3900.0,67.0,33.0,0,30,0.25,0.5,8.25,12.313432835820896,take_profit,True,2.0,159.9,
ETH,Bull Call Spread,3800.0,3900.0,67.0,33.0,5,21,0.25,0.5,8.25,12.313432835820896,take_profit,True,2.0,159.9,
ETH,Bull Call Spread,3800.0,3900.0,67.0,33.0,10,14,0.25,0.5,8.25,12.313432835820896,take_profit,True,2.0,159.9,
ETH,Bull Call Spread,3800.0,3900.0,67.0,33.0,15,7,0.25,0.5,8.25,12.313432835820896,take_profit,True,2.0,159.9,
ETH,Bull Call Spread,3800.0,3900.0,67.0,33.0,-15,7,0.25,0.75,-50.25,-75.0,stop_loss,False,2.0,159.9,
ETH,Bull Call Spread,3800.0,3900.0,67.0,33.0,-10,14,0.25,0.75,-50.25,-75.0,stop_loss,False,2.0,159.9,
ETH,Bull Call Spread,3800.0,3900.0,67.0,33.0,-5,21,0.25,0.75,-50.25,-75.0,stop_loss,False,2.0,159.9,
ETH,Bull Call Spread,3800.0,3900.0,67.0,33.0,0,30,0.25,0.75,8.25,12.313432835820896,take_profit,True,2.0,159.9,
ETH,Bull Call Spread,3800.0,3900.0,67.0,33.0,5,21,0.25,0.75,8.25,12.313432835820896,take_profit,True,2.0,159.9,
ETH,Bull Call Spread,3800.0,3900.0,67.0,33.0,10,14,0.25,0.75,8.25,12.313432835820896,take_profit,True,2.0,159.9,
ETH,Bull Call Spread,3800.0,3900.0,67.0,33.0,15,7,0.25,0.75,8.25,12.313432835820896,take_profit,True,2.0,159.9,
ETH,Bull Call Spread,3800.0,3900.0,67.0,33.0,-15,7,0.5,0.25,-16.75,-25.0,stop_loss,False,2.0,159.9,
ETH,Bull Call Spread,3800.0,3900.0,67.0,33.0,-10,14,0.5,0.25,-16.75,-25.0,stop_loss,False,2.0,159.9,
ETH,Bull Call Spread,3800.0,3900.0,67.0,33.0,-5,21,0.5,0.25,-16.75,-25.0,stop_loss,False,2.0,159.9,
ETH,Bull Call Spread,3800.0,3900.0,67.0,33.0,0,30,0.5,0.25,16.5,24.62686567164179,take_profit,True,2.0,159.9,
ETH,Bull Call Spread,3800.0,3900.0,67.0,33.0,5,21,0.5,0.25,16.5,24.62686567164179,take_profit,True,2.0,159.9,
ETH,Bull Call Spread,3800.0,3900.0,67.0,33.0,10,14,0.5,0.25,16.5,24.62686567164179,take_profit,True,2.0,159.9,
ETH,Bull Call Spread,3800.0,3900.0,67.0,33.0,15,7,0.5,0.25,16.5,24.62686567164179,take_profit,True,2.0,159.9,
ETH,Bull Call Spread,3800.0,3900.0,67.0,33.0,-15,7,0.5,0.5,-33.5,-50.0,stop_loss,False,2.0,159.9,
ETH,Bull Call Spread,3800.0,3900.0,67.0,33.0,-10,14,0.5,0.5,-33.5,-50.0,stop_loss,False,2.0,159.9,
ETH,Bull Call Spread,3800.0,3900.0,67.0,33.0,-5,21,0.5,0.5,-33.5,-50.0,stop_loss,False,2.0,159.9,
ETH,Bull Call Spread,3800.0,3900.0,67.0,33.0,0,30,0.5,0.5,16.5,24.62686567164179,take_profit,True,2.0,159.9,
ETH,Bull Call Spread,3800.0,3900.0,67.0,33.0,5,21,0.5,0.5,16.5,24.62686567164179,take_profit,True,2.0,159.9,
ETH,Bull Call Spread,3800.0,3900.0,67.0,33.0,10,14,0.5,0.5,16.5,24.62686567164179,take_profit,True,2.0,159.9,
ETH,Bull Call Spread,3800.0,3900.0,67.0,33.0,15,7,0.5,0.5,16.5,24.62686567164179,take_profit,True,2.0,159.9,
ETH,Bull Call Spread,3800.0,3900.0,67.0,33.0,-15,7,0.5,0.75,-50.25,-75.0,stop_loss,False,2.0,159.9,
ETH,Bull Call Spread,3800.0,3900.0,67.0,33.0,-10,14,0.5,0.75,-50.25,-75.0,stop_loss,False,2.0,159.9,
ETH,Bull Call Spread,3800.0,3900.0,67.0,33.0,-5,21,0.5,0.75,-50.25,-75.0,stop_loss,False,2.0,159.9,
ETH,Bull Call Spread,3800.0,3900.0,67.0,33.0,0,30,0.5,0.75,16.5,24.62686567164179,take_profit,True,2.0,159.9,
ETH,Bull Call Spread,3800.0,3900.0,67.0,33.0,5,21,0.5,0.75,16.5,24.62686567164179,take_profit,True,2.0,159.9,
ETH,Bull Call Spread,3800.0,3900.0,67.0,33.0,10,14,0.5,0.75,16.5,24.62686567164179,take_profit,True,2.0,159.9,
ETH,Bull Call Spread,3800.0,3900.0,67.0,33.0,15,7,0.5,0.75,16.5,24.62686567164179,take_profit,True,2.0,159.9,
ETH,Bull Call Spread,3800.0,3900.0,67.0,33.0,-15,7,0.75,0.25,-16.75,-25.0,stop_loss,False,2.0,159.9,
ETH,Bull Call Spread,3800.0,3900.0,67.0,33.0,-10,14,0.75,0.25,-16.75,-25.0,stop_loss,False,2.0,159.9,
ETH,Bull Call Spread,3800.0,3900.0,67.0,33.0,-5,21,0.75,0.25,-16.75,-25.0,stop_loss,False,2.0,159.9,
ETH,Bull Call Spread,3800.0,3900.0,67.0,33.0,0,30,0.75,0.25,24.75,36.940298507462686,take_profit,True,2.0,159.9,
ETH,Bull Call Spread,3800.0,3900.0,67.0,33.0,5,21,0.75,0.25,24.75,36.940298507462686,take_profit,True,2.0,159.9,
ETH,Bull Call Spread,3800.0,3900.0,67.0,33.0,10,14,0.75,0.25,24.75,36.940298507462686,take_profit,True,2.0,159.9,
ETH,Bull Call Spread,3800.0,3900.0,67.0,33.0,15,7,0.75,0.25,24.75,36.940298507462686,take_profit,True,2.0,159.9,
ETH,Bull Call Spread,3800.0,3900.0,67.0,33.0,-15,7,0.75,0.5,-33.5,-50.0,stop_loss,False,2.0,159.9,
ETH,Bull Call Spread,3800.0,3900.0,67.0,33.0,-10,14,0.75,0.5,-33.5,-50.0,stop_loss,False,2.0,159.9,
ETH,Bull Call Spread,3800.0,3900.0,67.0,33.0,-5,21,0.75,0.5,-33.5,-50.0,stop_loss,False,2.0,159.9,
ETH,Bull Call Spread,3800.0,3900.0,67.0,33.0,0,30,0.75,0.5,24.75,36.940298507462686,take_profit,True,2.0,159.9,
ETH,Bull Call Spread,3800.0,3900.0,67.0,33.0,5,21,0.75,0.5,24.75,36.940298507462686,take_profit,True,2.0,159.9,
ETH,Bull Call Spread,3800.0,3900.0,67.0,33.0,10,14,0.75,0.5,24.75,36.940298507462686,take_profit,True,2.0,159.9,
ETH,Bull Call Spread,3800.0,3900.0,67.0,33.0,15,7,0.75,0.5,24.75,36.940298507462686,take_profit,True,2.0,159.9,
ETH,Bull Call Spread,3800.0,3900.0,67.0,33.0,-15,7,0.75,0.75,-50.25,-75.0,stop_loss,False,2.0,159.9,
ETH,Bull Call Spread,3800.0,3900.0,67.0,33.0,-10,14,0.75,0.75,-50.25,-75.0,stop_loss,False,2.0,159.9,
ETH,Bull Call Spread,3800.0,3900.0,67.0,33.0,-5,21,0.75,0.75,-50.25,-75.0,stop_loss,False,2.0,159.9,
ETH,Bull Call Spread,3800.0,3900.0,67.0,33.0,0,30,0.75,0.75,24.75,36.940298507462686,take_profit,True,2.0,159.9,
ETH,Bull Call Spread,3800.0,3900.0,67.0,33.0,5,21,0.75,0.75,24.75,36.940298507462686,take_profit,True,2.0,159.9,
ETH,Bull Call Spread,3800.0,3900.0,67.0,33.0,10,14,0.75,0.75,24.75,36.940298507462686,take_profit,True,2.0,159.9,
ETH,Bull Call Spread,3800.0,3900.0,67.0,33.0,15,7,0.75,0.75,24.75,36.940298507462686,take_profit,True,2.0,159.9,
ETH,Bull Call Spread,3800.0,3900.0,67.0,33.0,-15,7,1.0,0.25,-16.75,-25.0,stop_loss,False,2.0,159.9,
ETH,Bull Call Spread,3800.0,3900.0,67.0,33.0,-10,14,1.0,0.25,-16.75,-25.0,stop_loss,False,2.0,159.9,
ETH,Bull Call Spread,3800.0,3900.0,67.0,33.0,-5,21,1.0,0.25,-16.75,-25.0,stop_loss,False,2.0,159.9,
ETH,Bull Call Spread,3800.0,3900.0,67.0,33.0,0,30,1.0,0.25,33.0,49.25373134328358,take_profit,True,2.0,159.9,
ETH,Bull Call Spread,3800.0,3900.0,67.0,33.0,5,21,1.0,0.25,33.0,49.25373134328358,take_profit,True,2.0,159.9,
ETH,Bull Call Spread,3800.0,3900.0,67.0,33.0,10,14,1.0,0.25,33.0,49.25373134328358,take_profit,True,2.0,159.9,
ETH,Bull Call Spread,3800.0,3900.0,67.0,33.0,15,7,1.0,0.25,33.0,49.25373134328358,take_profit,True,2.0,159.9,
ETH,Bull Call Spread,3800.0,3900.0,67.0,33.0,-15,7,1.0,0.5,-33.5,-50.0,stop_loss,False,2.0,159.9,
ETH,Bull Call Spread,3800.0,3900.0,67.0,33.0,-10,14,1.0,0.5,-33.5,-50.0,stop_loss,False,2.0,159.9,
ETH,Bull Call Spread,3800.0,3900.0,67.0,33.0,-5,21,1.0,0.5,-33.5,-50.0,stop_loss,False,2.0,159.9,
ETH,Bull Call Spread,3800.0,3900.0,67.0,33.0,0,30,1.0,0.5,33.0,49.25373134328358,take_profit,True,2.0,159.9,
ETH,Bull Call Spread,3800.0,3900.0,67.0,33.0,5,21,1.0,0.5,33.0,49.25373134328358,take_profit,True,2.0,159.9,
ETH,Bull Call Spread,3800.0,3900.0,67.0,33.0,10,14,1.0,0.5,33.0,49.25373134328358,take_profit,True,2.0,159.9,
ETH,Bull Call Spread,3800.0,3900.0,67.0,33.0,15,7,1.0,0.5,33.0,49.25373134328358,take_profit,True,2.0,159.9,
ETH,Bull Call Spread,3800.0,3900.0,67.0,33.0,-15,7,1.0,0.75,-50.25,-75.0,stop_loss,False,2.0,159.9,
ETH,Bull Call Spread,3800.0,3900.0,67.0,33.0,-10,14,1.0,0.75,-50.25,-75.0,stop_loss,False,2.0,159.9,
ETH,Bull Call Spread,3800.0,3900.0,67.0,33.0,-5,21,1.0,0.75,-50.25,-75.0,stop_loss,False,2.0,159.9,
ETH,Bull Call Spread,3800.0,3900.0,67.0,33.0,0,30,1.0,0.75,33.0,49.25373134328358,take_profit,True,2.0,159.9,
ETH,Bull Call Spread,3800.0,3900.0,67.0,33.0,5,21,1.0,0.75,33.0,49.25373134328358,take_profit,True,2.0,159.9,
ETH,Bull Call Spread,3800.0,3900.0,67.0,33.0,10,14,1.0,0.75,33.0,49.25373134328358,take_profit,True,2.0,159.9,
ETH,Bull Call Spread,3800.0,3900.0,67.0,33.0,15,7,1.0,0.75,33.0,49.25373134328358,take_profit,True,2.0,159.9,
ETH,Bull Call Spread,3900.0,4000.0,56.400000000000006,43.599999999999994,-15,7,0.25,0.25,-14.100000000000001,-25.0,stop_loss,False,4.8,164.2,
ETH,Bull Call Spread,3900.0,4000.0,56.400000000000006,43.599999999999994,-10,14,0.25,0.25,-14.100000000000001,-25.0,stop_loss,False,4.8,164.2,
ETH,Bull Call Spread,3900.0,4000.0,56.400000000000006,43.599999999999994,-5,21,0.25,0.25,-14.100000000000001,-25.0,stop_loss,False,4.8,164.2,
ETH,Bull Call Spread,3900.0,4000.0,56.400000000000006,43.599999999999994,0,30,0.25,0.25,10.899999999999999,19.32624113475177,take_profit,True,4.8,164.2,
ETH,Bull Call Spread,3900.0,4000.0,56.400000000000006,43.599999999999994,5,21,0.25,0.25,10.899999999999999,19.32624113475177,take_profit,True,4.8,164.2,
ETH,Bull Call Spread,3900.0,4000.0,56.400000000000006,43.599999999999994,10,14,0.25,0.25,10.899999999999999,19.32624113475177,take_profit,True,4.8,164.2,
ETH,Bull Call Spread,3900.0,4000.0,56.400000000000006,43.599999999999994,15,7,0.25,0.25,10.899999999999999,19.32624113475177,take_profit,True,4.8,164.2,
ETH,Bull Call Spread,3900.0,4000.0,56.400000000000006,43.599999999999994,-15,7,0.25,0.5,-28.200000000000003,-50.0,stop_loss,False,4.8,164.2,
ETH,Bull Call Spread,3900.0,4000.0,56.400000000000006,43.599999999999994,-10,14,0.25,0.5,-28.200000000000003,-50.0,stop_loss,False,4.8,164.2,
ETH,Bull Call Spread,3900.0,4000.0,56.400000000000006,43.599999999999994,-5,21,0.25,0.5,-28.200000000000003,-50.0,stop_loss,False,4.8,164.2,
ETH,Bull Call Spread,3900.0,4000.0,56.400000000000006,43.599999999999994,0,30,0.25,0.5,10.899999999999999,19.32624113475177,take_profit,True,4.8,164.2,
ETH,Bull Call Spread,3900.0,4000.0,56.400000000000006,43.599999999999994,5,21,0.25,0.5,10.899999999999999,19.32624113475177,take_profit,True,4.8,164.2,
ETH,Bull Call Spread,3900.0,4000.0,56.400000000000006,43.599999999999994,10,14,0.25,0.5,10.899999999999999,19.32624113475177,take_profit,True,4.8,164.2,
ETH,Bull Call Spread,3900.0,4000.0,56.400000000000006,43.599999999999994,15,7,0.25,0.5,10.899999999999999,19.32624113475177,take_profit,True,4.8,164.2,
ETH,Bull Call Spread,3900.0,4000.0,56.400000000000006,43.599999999999994,-15,7,0.25,0.75,-42.300000000000004,-75.0,stop_loss,False,4.8,164.2,
ETH,Bull Call Spread,3900.0,4000.0,56.400000000000006,43.599999999999994,-10,14,0.25,0.75,-42.300000000000004,-75.0,stop_loss,False,4.8,164.2,
ETH,Bull Call Spread,3900.0,4000.0,56.400000000000006,43.599999999999994,-5,21,0.25,0.75,-42.300000000000004,-75.0,stop_loss,False,4.8,164.2,
ETH,Bull Call Spread,3900.0,4000.0,56.400000000000006,43.599999999999994,0,30,0.25,0.75,10.899999999999999,19.32624113475177,take_profit,True,4.8,164.2,
ETH,Bull Call Spread,3900.0,4000.0,56.400000000000006,43.599999999999994,5,21,0.25,0.75,10.899999999999999,19.32624113475177,take_profit,True,4.8,164.2,
ETH,Bull Call Spread,3900.0,4000.0,56.400000000000006,43.599999999999994,10,14,0.25,0.75,10.899999999999999,19.32624113475177,take_profit,True,4.8,164.2,
ETH,Bull Call Spread,3900.0,4000.0,56.400000000000006,43.599999999999994,15,7,0.25,0.75,10.899999999999999,19.32624113475177,take_profit,True,4.8,164.2,
ETH,Bull Call Spread,3900.0,4000.0,56.400000000000006,43.599999999999994,-15,7,0.5,0.25,-14.100000000000001,-25.0,stop_loss,False,4.8,164.2,
ETH,Bull Call Spread,3900.0,4000.0,56.400000000000006,43.599999999999994,-10,14,0.5,0.25,-14.100000000000001,-25.0,stop_loss,False,4.8,164.2,
ETH,Bull Call Spread,3900.0,4000.0,56.400000000000006,43.599999999999994,-5,21,0.5,0.25,-14.100000000000001,-25.0,stop_loss,False,4.8,164.2,
ETH,Bull Call Spread,3900.0,4000.0,56.400000000000006,43.599999999999994,0,30,0.5,0.25,21.799999999999997,38.65248226950354,take_profit,True,4.8,164.2,
ETH,Bull Call Spread,3900.0,4000.0,56.400000000000006,43.599999999999994,5,21,0.5,0.25,21.799999999999997,38.65248226950354,take_profit,True,4.8,164.2,
ETH,Bull Call Spread,3900.0,4000.0,56.400000000000006,43.599999999999994,10,14,0.5,0.25,21.799999999999997,38.65248226950354,take_profit,True,4.8,164.2,
ETH,Bull Call Spread,3900.0,4000.0,56.400000000000006,43.599999999999994,15,7,0.5,0.25,21.799999999999997,38.65248226950354,take_profit,True,4.8,164.2,
ETH,Bull Call Spread,3900.0,4000.0,56.400000000000006,43.599999999999994,-15,7,0.5,0.5,-28.200000000000003,-50.0,stop_loss,False,4.8,164.2,
ETH,Bull Call Spread,3900.0,4000.0,56.400000000000006,43.599999999999994,-10,14,0.5,0.5,-28.200000000000003,-50.0,stop_loss,False,4.8,164.2,
ETH,Bull Call Spread,3900.0,4000.0,56.400000000000006,43.599999999999994,-5,21,0.5,0.5,-28.200000000000003,-50.0,stop_loss,False,4.8,164.2,
ETH,Bull Call Spread,3900.0,4000.0,56.400000000000006,43.599999999999994,0,30,0.5,0.5,21.799999999999997,38.65248226950354,take_profit,True,4.8,164.2,
ETH,Bull Call Spread,3900.0,4000.0,56.400000000000006,43.599999999999994,5,21,0.5,0.5,21.799999999999997,38.65248226950354,take_profit,True,4.8,164.2,
ETH,Bull Call Spread,3900.0,4000.0,56.400000000000006,43.599999999999994,10,14,0.5,0.5,21.799999999999997,38.65248226950354,take_profit,True,4.8,164.2,
ETH,Bull Call Spread,3900.0,4000.0,56.400000000000006,43.599999999999994,15,7,0.5,0.5,21.799999999999997,38.65248226950354,take_profit,True,4.8,164.2,
ETH,Bull Call Spread,3900.0,4000.0,56.400000000000006,43.599999999999994,-15,7,0.5,0.75,-42.300000000000004,-75.0,stop_loss,False,4.8,164.2,
ETH,Bull Call Spread,3900.0,4000.0,56.400000000000006,43.599999999999994,-10,14,0.5,0.75,-42.300000000000004,-75.0,stop_loss,False,4.8,164.2,
ETH,Bull Call Spread,3900.0,4000.0,56.400000000000006,43.599999999999994,-5,21,0.5,0.75,-42.300000000000004,-75.0,stop_loss,False,4.8,164.2,
ETH,Bull Call Spread,3900.0,4000.0,56.400000000000006,43.599999999999994,0,30,0.5,0.75,21.799999999999997,38.65248226950354,take_profit,True,4.8,164.2,
ETH,Bull Call Spread,3900.0,4000.0,56.400000000000006,43.599999999999994,5,21,0.5,0.75,21.799999999999997,38.65248226950354,take_profit,True,4.8,164.2,
ETH,Bull Call Spread,3900.0,4000.0,56.400000000000006,43.599999999999994,10,14,0.5,0.75,21.799999999999997,38.65248226950354,take_profit,True,4.8,164.2,
ETH,Bull Call Spread,3900.0,4000.0,56.400000000000006,43.599999999999994,15,7,0.5,0.75,21.799999999999997,38.65248226950354,take_profit,True,4.8,164.2,
ETH,Bull Call Spread,3900.0,4000.0,56.400000000000006,43.599999999999994,-15,7,0.75,0.25,-14.100000000000001,-25.0,stop_loss,False,4.8,164.2,
ETH,Bull Call Spread,3900.0,4000.0,56.400000000000006,43.599999999999994,-10,14,0.75,0.25,-14.100000000000001,-25.0,stop_loss,False,4.8,164.2,
ETH,Bull Call Spread,3900.0,4000.0,56.400000000000006,43.599999999999994,-5,21,0.75,0.25,-14.100000000000001,-25.0,stop_loss,False,4.8,164.2,
ETH,Bull Call Spread,3900.0,4000.0,56.400000000000006,43.599999999999994,0,30,0.75,0.25,24.110000000000213,42.74822695035498,expiry,True,4.8,164.2,
ETH,Bull Call Spread,3900.0,4000.0,56.400000000000006,43.599999999999994,5,21,0.75,0.25,32.699999999999996,57.978723404255305,take_profit,True,4.8,164.2,
ETH,Bull Call Spread,3900.0,4000.0,56.400000000000006,43.599999999999994,10,14,0.75,0.25,32.699999999999996,57.978723404255305,take_profit,True,4.8,164.2,
ETH,Bull Call Spread,3900.0,4000.0,56.400000000000006,43.599999999999994,15,7,0.75,0.25,32.699999999999996,57.978723404255305,take_profit,True,4.8,164.2,
ETH,Bull Call Spread,3900.0,4000.0,56.400000000000006,43.599999999999994,-15,7,0.75,0.5,-28.200000000000003,-50.0,stop_loss,False,4.8,164.2,
ETH,Bull Call Spread,3900.0,4000.0,56.400000000000006,43.599999999999994,-10,14,0.75,0.5,-28.200000000000003,-50.0,stop_loss,False,4.8,164.2,
ETH,Bull Call Spread,3900.0,4000.0,56.400000000000006,43.599999999999994,-5,21,0.75,0.5,-28.200000000000003,-50.0,stop_loss,False,4.8,164.2,
ETH,Bull Call Spread,3900.0,4000.0,56.400000000000006,43.599999999999994,0,30,0.75,0.5,24.110000000000213,42.74822695035498,expiry,True,4.8,164.2,
ETH,Bull Call Spread,3900.0,4000.0,56.400000000000006,43.599999999999994,5,21,0.75,0.5,32.699999999999996,57.978723404255305,take_profit,True,4.8,164.2,
ETH,Bull Call Spread,3900.0,4000.0,56.400000000000006,43.599999999999994,10,14,0.75,0.5,32.699999999999996,57.978723404255305,take_profit,True,4.8,164.2,
ETH,Bull Call Spread,3900.0,4000.0,56.400000000000006,43.599999999999994,15,7,0.75,0.5,32.699999999999996,57.978723404255305,take_profit,True,4.8,164.2,
ETH,Bull Call Spread,3900.0,4000.0,56.400000000000006,43.599999999999994,-15,7,0.75,0.75,-42.300000000000004,-75.0,stop_loss,False,4.8,164.2,
ETH,Bull Call Spread,3900.0,4000.0,56.400000000000006,43.599999999999994,-10,14,0.75,0.75,-42.300000000000004,-75.0,stop_loss,False,4.8,164.2,
ETH,Bull Call Spread,3900.0,4000.0,56.400000000000006,43.599999999999994,-5,21,0.75,0.75,-42.300000000000004,-75.0,stop_loss,False,4.8,164.2,
ETH,Bull Call Spread,3900.0,4000.0,56.400000000000006,43.599999999999994,0,30,0.75,0.75,24.110000000000213,42.74822695035498,expiry,True,4.8,164.2,
ETH,Bull Call Spread,3900.0,4000.0,56.400000000000006,43.599999999999994,5,21,0.75,0.75,32.699999999999996,57.978723404255305,take_profit,True,4.8,164.2,
ETH,Bull Call Spread,3900.0,4000.0,56.400000000000006,43.599999999999994,10,14,0.75,0.75,32.699999999999996,57.978723404255305,take_profit,True,4.8,164.2,
ETH,Bull Call Spread,3900.0,4000.0,56.400000000000006,43.599999999999994,15,7,0.75,0.75,32.699999999999996,57.978723404255305,take_profit,True,4.8,164.2,
ETH,Bull Call Spread,3900.0,4000.0,56.400000000000006,43.599999999999994,-15,7,1.0,0.25,-14.100000000000001,-25.0,stop_loss,False,4.8,164.2,
ETH,Bull Call Spread,3900.0,4000.0,56.400000000000006,43.599999999999994,-10,14,1.0,0.25,-14.100000000000001,-25.0,stop_loss,False,4.8,164.2,
ETH,Bull Call Spread,3900.0,4000.0,56.400000000000006,43.599999999999994,-5,21,1.0,0.25,-14.100000000000001,-25.0,stop_loss,False,4.8,164.2,
ETH,Bull Call Spread,3900.0,4000.0,56.400000000000006,43.599999999999994,0,30,1.0,0.25,24.110000000000213,42.74822695035498,expiry,True,4.8,164.2,
ETH,Bull Call Spread,3900.0,4000.0,56.400000000000006,43.599999999999994,5,21,1.0,0.25,43.599999999999994,77.30496453900707,take_profit,True,4.8,164.2,
ETH,Bull Call Spread,3900.0,4000.0,56.400000000000006,43.599999999999994,10,14,1.0,0.25,43.599999999999994,77.30496453900707,take_profit,True,4.8,164.2,
ETH,Bull Call Spread,3900.0,4000.0,56.400000000000006,43.599999999999994,15,7,1.0,0.25,43.599999999999994,77.30496453900707,take_profit,True,4.8,164.2,
ETH,Bull Call Spread,3900.0,4000.0,56.400000000000006,43.599999999999994,-15,7,1.0,0.5,-28.200000000000003,-50.0,stop_loss,False,4.8,164.2,
ETH,Bull Call Spread,3900.0,4000.0,56.400000000000006,43.599999999999994,-10,14,1.0,0.5,-28.200000000000003,-50.0,stop_loss,False,4.8,164.2,
ETH,Bull Call Spread,3900.0,4000.0,56.400000000000006,43.599999999999994,-5,21,1.0,0.5,-28.200000000000003,-50.0,stop_loss,False,4.8,164.2,
ETH,Bull Call Spread,3900.0,4000.0,56.400000000000006,43.599999999999994,0,30,1.0,0.5,24.110000000000213,42.74822695035498,expiry,True,4.8,164.2,
ETH,Bull Call Spread,3900.0,4000.0,56.400000000000006,43.599999999999994,5,21,1.0,0.5,43.599999999999994,77.30496453900707,take_profit,True,4.8,164.2,
ETH,Bull Call Spread,3900.0,4000.0,56.400000000000006,43.599999999999994,10,14,1.0,0.5,43.599999999999994,77.30496453900707,take_profit,True,4.8,164.2,
ETH,Bull Call Spread,3900.0,4000.0,56.400000000000006,43.599999999999994,15,7,1.0,0.5,43.599999999999994,77.30496453900707,take_profit,True,4.8,164.2,
ETH,Bull Call Spread,3900.0,4000.0,56.400000000000006,43.599999999999994,-15,7,1.0,0.75,-42.300000000000004,-75.0,stop_loss,False,4.8,164.2,
ETH,Bull Call Spread,3900.0,4000.0,56.400000000000006,43.599999999999994,-10,14,1.0,0.75,-42.300000000000004,-75.0,stop_loss,False,4.8,164.2,
ETH,Bull Call Spread,3900.0,4000.0,56.400000000000006,43.599999999999994,-5,21,1.0,0.75,-42.300000000000004,-75.0,stop_loss,False,4.8,164.2,
ETH,Bull Call Spread,3900.0,4000.0,56.400000000000006,43.599999999999994,0,30,1.0,0.75,24.110000000000213,42.74822695035498,expiry,True,4.8,164.2,
ETH,Bull Call Spread,3900.0,4000.0,56.400000000000006,43.599999999999994,5,21,1.0,0.75,43.599999999999994,77.30496453900707,take_profit,True,4.8,164.2,
ETH,Bull Call Spread,3900.0,4000.0,56.400000000000006,43.599999999999994,10,14,1.0,0.75,43.599999999999994,77.30496453900707,take_profit,True,4.8,164.2,
ETH,Bull Call Spread,3900.0,4000.0,56.400000000000006,43.599999999999994,15,7,1.0,0.75,43.599999999999994,77.30496453900707,take_profit,True,4.8,164.2,
ETH,Bull Call Spread,4000.0,4100.0,49.20000000000002,50.79999999999998,-15,7,0.25,0.25,-12.300000000000004,-25.0,stop_loss,False,3.9,69.3,
ETH,Bull Call Spread,4000.0,4100.0,49.20000000000002,50.79999999999998,-10,14,0.25,0.25,-12.300000000000004,-25.0,stop_loss,False,3.9,69.3,
ETH,Bull Call Spread,4000.0,4100.0,49.20000000000002,50.79999999999998,-5,21,0.25,0.25,-12.300000000000004,-25.0,stop_loss,False,3.9,69.3,
ETH,Bull Call Spread,4000.0,4100.0,49.20000000000002,50.79999999999998,0,30,0.25,0.25,-12.300000000000004,-25.0,stop_loss,False,3.9,69.3,
ETH,Bull Call Spread,4000.0,4100.0,49.20000000000002,50.79999999999998,5,21,0.25,0.25,12.699999999999996,25.813008130081283,take_profit,True,3.9,69.3,
ETH,Bull Call Spread,4000.0,4100.0,49.20000000000002,50.79999999999998,10,14,0.25,0.25,12.699999999999996,25.813008130081283,take_profit,True,3.9,69.3,
ETH,Bull Call Spread,4000.0,4100.0,49.20000000000002,50.79999999999998,15,7,0.25,0.25,12.699999999999996,25.813008130081283,take_profit,True,3.9,69.3,
ETH,Bull Call Spread,4000.0,4100.0,49.20000000000002,50.79999999999998,-15,7,0.25,0.5,-24.60000000000001,-50.0,stop_loss,False,3.9,69.3,
ETH,Bull Call Spread,4000.0,4100.0,49.20000000000002,50.79999999999998,-10,14,0.25,0.5,-24.60000000000001,-50.0,stop_loss,False,3.9,69.3,
ETH,Bull Call Spread,4000.0,4100.0,49.20000000000002,50.79999999999998,-5,21,0.25,0.5,-24.60000000000001,-50.0,stop_loss,False,3.9,69.3,
ETH,Bull Call Spread,4000.0,4100.0,49.20000000000002,50.79999999999998,0,30,0.25,0.5,-24.60000000000001,-50.0,stop_loss,False,3.9,69.3,
ETH,Bull Call Spread,4000.0,4100.0,49.20000000000002,50.79999999999998,5,21,0.25,0.5,12.699999999999996,25.813008130081283,take_profit,True,3.9,69.3,
ETH,Bull Call Spread,4000.0,4100.0,49.20000000000002,50.79999999999998,10,14,0.25,0.5,12.699999999999996,25.813008130081283,take_profit,True,3.9,69.3,
ETH,Bull Call Spread,4000.0,4100.0,49.20000000000002,50.79999999999998,15,7,0.25,0.5,12.699999999999996,25.813008130081283,take_profit,True,3.9,69.3,
ETH,Bull Call Spread,4000.0,4100.0,49.20000000000002,50.79999999999998,-15,7,0.25,0.75,-36.90000000000001,-75.0,stop_loss,False,3.9,69.3,
ETH,Bull Call Spread,4000.0,4100.0,49.20000000000002,50.79999999999998,-10,14,0.25,0.75,-36.90000000000001,-75.0,stop_loss,False,3.9,69.3,
ETH,Bull Call Spread,4000.0,4100.0,49.20000000000002,50.79999999999998,-5,21,0.25,0.75,-36.90000000000001,-75.0,stop_loss,False,3.9,69.3,
ETH,Bull Call Spread,4000.0,4100.0,49.20000000000002,50.79999999999998,0,30,0.25,0.75,-36.90000000000001,-75.0,stop_loss,False,3.9,69.3,
ETH,Bull Call Spread,4000.0,4100.0,49.20000000000002,50.79999999999998,5,21,0.25,0.75,12.699999999999996,25.813008130081283,take_profit,True,3.9,69.3,
ETH,Bull Call Spread,4000.0,4100.0,49.20000000000002,50.79999999999998,10,14,0.25,0.75,12.699999999999996,25.813008130081283,take_profit,True,3.9,69.3,
ETH,Bull Call Spread,4000.0,4100.0,49.20000000000002,50.79999999999998,15,7,0.25,0.75,12.699999999999996,25.813008130081283,take_profit,True,3.9,69.3,
ETH,Bull Call Spread,4000.0,4100.0,49.20000000000002,50.79999999999998,-15,7,0.5,0.25,-12.300000000000004,-25.0,stop_loss,False,3.9,69.3,
ETH,Bull Call Spread,4000.0,4100.0,49.20000000000002,50.79999999999998,-10,14,0.5,0.25,-12.300000000000004,-25.0,stop_loss,False,3.9,69.3,
ETH,Bull Call Spread,4000.0,4100.0,49.20000000000002,50.79999999999998,-5,21,0.5,0.25,-12.300000000000004,-25.0,stop_loss,False,3.9,69.3,
ETH,Bull Call Spread,4000.0,4100.0,49.20000000000002,50.79999999999998,0,30,0.5,0.25,-12.300000000000004,-25.0,stop_loss,False,3.9,69.3,
ETH,Bull Call Spread,4000.0,4100.0,49.20000000000002,50.79999999999998,5,21,0.5,0.25,25.39999999999999,51.626016260162565,take_profit,True,3.9,69.3,
ETH,Bull Call Spread,4000.0,4100.0,49.20000000000002,50.79999999999998,10,14,0.5,0.25,25.39999999999999,51.626016260162565,take_profit,True,3.9,69.3,
ETH,Bull Call Spread,4000.0,4100.0,49.20000000000002,50.79999999999998,15,7,0.5,0.25,25.39999999999999,51.626016260162565,take_profit,True,3.9,69.3,
ETH,Bull Call Spread,4000.0,4100.0,49.20000000000002,50.79999999999998,-15,7,0.5,0.5,-24.60000000000001,-50.0,stop_loss,False,3.9,69.3,
ETH,Bull Call Spread,4000.0,4100.0,49.20000000000002,50.79999999999998,-10,14,0.5,0.5,-24.60000000000001,-50.0,stop_loss,False,3.9,69.3,
ETH,Bull Call Spread,4000.0,4100.0,49.20000000000002,50.79999999999998,-5,21,0.5,0.5,-24.60000000000001,-50.0,stop_loss,False,3.9,69.3,
ETH,Bull Call Spread,4000.0,4100.0,49.20000000000002,50.79999999999998,0,30,0.5,0.5,-24.60000000000001,-50.0,stop_loss,False,3.9,69.3,
ETH,Bull Call Spread,4000.0,4100.0,49.20000000000002,50.79999999999998,5,21,0.5,0.5,25.39999999999999,51.626016260162565,take_profit,True,3.9,69.3,
ETH,Bull Call Spread,4000.0,4100.0,49.20000000000002,50.79999999999998,10,14,0.5,0.5,25.39999999999999,51.626016260162565,take_profit,True,3.9,69.3,
ETH,Bull Call Spread,4000.0,4100.0,49.20000000000002,50.79999999999998,15,7,0.5,0.5,25.39999999999999,51.626016260162565,take_profit,True,3.9,69.3,
ETH,Bull Call Spread,4000.0,4100.0,49.20000000000002,50.79999999999998,-15,7,0.5,0.75,-36.90000000000001,-75.0,stop_loss,False,3.9,69.3,
ETH,Bull Call Spread,4000.0,4100.0,49.20000000000002,50.79999999999998,-10,14,0.5,0.75,-36.90000000000001,-75.0,stop_loss,False,3.9,69.3,
ETH,Bull Call Spread,4000.0,4100.0,49.20000000000002,50.79999999999998,-5,21,0.5,0.75,-36.90000000000001,-75.0,stop_loss,False,3.9,69.3,
ETH,Bull Call Spread,4000.0,4100.0,49.20000000000002,50.79999999999998,0,30,0.5,0.75,-36.90000000000001,-75.0,stop_loss,False,3.9,69.3,
ETH,Bull Call Spread,4000.0,4100.0,49.20000000000002,50.79999999999998,5,21,0.5,0.75,25.39999999999999,51.626016260162565,take_profit,True,3.9,69.3,
ETH,Bull Call Spread,4000.0,4100.0,49.20000000000002,50.79999999999998,10,14,0.5,0.75,25.39999999999999,51.626016260162565,take_profit,True,3.9,69.3,
ETH,Bull Call Spread,4000.0,4100.0,49.20000000000002,50.79999999999998,15,7,0.5,0.75,25.39999999999999,51.626016260162565,take_profit,True,3.9,69.3,
ETH,Bull Call Spread,4000.0,4100.0,49.20000000000002,50.79999999999998,-15,7,0.75,0.25,-12.300000000000004,-25.0,stop_loss,False,3.9,69.3,
ETH,Bull Call Spread,4000.0,4100.0,49.20000000000002,50.79999999999998,-10,14,0.75,0.25,-12.300000000000004,-25.0,stop_loss,False,3.9,69.3,
ETH,Bull Call Spread,4000.0,4100.0,49.20000000000002,50.79999999999998,-5,21,0.75,0.25,-12.300000000000004,-25.0,stop_loss,False,3.9,69.3,
ETH,Bull Call Spread,4000.0,4100.0,49.20000000000002,50.79999999999998,0,30,0.75,0.25,-12.300000000000004,-25.0,stop_loss,False,3.9,69.3,
ETH,Bull Call Spread,4000.0,4100.0,49.20000000000002,50.79999999999998,5,21,0.75,0.25,38.09999999999999,77.43902439024384,take_profit,True,3.9,69.3,
ETH,Bull Call Spread,4000.0,4100.0,49.20000000000002,50.79999999999998,10,14,0.75,0.25,38.09999999999999,77.43902439024384,take_profit,True,3.9,69.3,
ETH,Bull Call Spread,4000.0,4100.0,49.20000000000002,50.79999999999998,15,7,0.75,0.25,38.09999999999999,77.43902439024384,take_profit,True,3.9,69.3,
ETH,Bull Call Spread,4000.0,4100.0,49.20000000000002,50.79999999999998,-15,7,0.75,0.5,-24.60000000000001,-50.0,stop_loss,False,3.9,69.3,
ETH,Bull Call Spread,4000.0,4100.0,49.20000000000002,50.79999999999998,-10,14,0.75,0.5,-24.60000000000001,-50.0,stop_loss,False,3.9,69.3,
ETH,Bull Call Spread,4000.0,4100.0,49.20000000000002,50.79999999999998,-5,21,0.75,0.5,-24.60000000000001,-50.0,stop_loss,False,3.9,69.3,
ETH,Bull Call Spread,4000.0,4100.0,49.20000000000002,50.79999999999998,0,30,0.75,0.5,-24.60000000000001,-50.0,stop_loss,False,3.9,69.3,
ETH,Bull Call Spread,4000.0,4100.0,49.20000000000002,50.79999999999998,5,21,0.75,0.5,38.09999999999999,77.43902439024384,take_profit,True,3.9,69.3,
ETH,Bull Call Spread,4000.0,4100.0,49.20000000000002,50.79999999999998,10,14,0.75,0.5,38.09999999999999,77.43902439024384,take_profit,True,3.9,69.3,
ETH,Bull Call Spread,4000.0,4100.0,49.20000000000002,50.79999999999998,15,7,0.75,0.5,38.09999999999999,77.43902439024384,take_profit,True,3.9,69.3,
ETH,Bull Call Spread,4000.0,4100.0,49.20000000000002,50.79999999999998,-15,7,0.75,0.75,-36.90000000000001,-75.0,stop_loss,False,3.9,69.3,
ETH,Bull Call Spread,4000.0,4100.0,49.20000000000002,50.79999999999998,-10,14,0.75,0.75,-36.90000000000001,-75.0,stop_loss,False,3.9,69.3,
ETH,Bull Call Spread,4000.0,4100.0,49.20000000000002,50.79999999999998,-5,21,0.75,0.75,-36.90000000000001,-75.0,stop_loss,False,3.9,69.3,
ETH,Bull Call Spread,4000.0,4100.0,49.20000000000002,50.79999999999998,0,30,0.75,0.75,-36.90000000000001,-75.0,stop_loss,False,3.9,69.3,
ETH,Bull Call Spread,4000.0,4100.0,49.20000000000002,50.79999999999998,5,21,0.75,0.75,38.09999999999999,77.43902439024384,take_profit,True,3.9,69.3,
ETH,Bull Call Spread,4000.0,4100.0,49.20000000000002,50.79999999999998,10,14,0.75,0.75,38.09999999999999,77.43902439024384,take_profit,True,3.9,69.3,
ETH,Bull Call Spread,4000.0,4100.0,49.20000000000002,50.79999999999998,15,7,0.75,0.75,38.09999999999999,77.43902439024384,take_profit,True,3.9,69.3,
ETH,Bull Call Spread,4000.0,4100.0,49.20000000000002,50.79999999999998,-15,7,1.0,0.25,-12.300000000000004,-25.0,stop_loss,False,3.9,69.3,
ETH,Bull Call Spread,4000.0,4100.0,49.20000000000002,50.79999999999998,-10,14,1.0,0.25,-12.300000000000004,-25.0,stop_loss,False,3.9,69.3,
ETH,Bull Call Spread,4000.0,4100.0,49.20000000000002,50.79999999999998,-5,21,1.0,0.25,-12.300000000000004,-25.0,stop_loss,False,3.9,69.3,
ETH,Bull Call Spread,4000.0,4100.0,49.20000000000002,50.79999999999998,0,30,1.0,0.25,-12.300000000000004,-25.0,stop_loss,False,3.9,69.3,
ETH,Bull Call Spread,4000.0,4100.0,49.20000000000002,50.79999999999998,5,21,1.0,0.25,50.79999999999998,103.25203252032513,take_profit,True,3.9,69.3,
ETH,Bull Call Spread,4000.0,4100.0,49.20000000000002,50.79999999999998,10,14,1.0,0.25,50.79999999999998,103.25203252032513,take_profit,True,3.9,69.3,
ETH,Bull Call Spread,4000.0,4100.0,49.20000000000002,50.79999999999998,15,7,1.0,0.25,50.79999999999998,103.25203252032513,take_profit,True,3.9,69.3,
ETH,Bull Call Spread,4000.0,4100.0,49.20000000000002,50.79999999999998,-15,7,1.0,0.5,-24.60000000000001,-50.0,stop_loss,False,3.9,69.3,
ETH,Bull Call Spread,4000.0,4100.0,49.20000000000002,50.79999999999998,-10,14,1.0,0.5,-24.60000000000001,-50.0,stop_loss,False,3.9,69.3,
ETH,Bull Call Spread,4000.0,4100.0,49.20000000000002,50.79999999999998,-5,21,1.0,0.5,-24.60000000000001,-50.0,stop_loss,False,3.9,69.3,
ETH,Bull Call Spread,4000.0,4100.0,49.20000000000002,50.79999999999998,0,30,1.0,0.5,-24.60000000000001,-50.0,stop_loss,False,3.9,69.3,
ETH,Bull Call Spread,4000.0,4100.0,49.20000000000002,50.79999999999998,5,21,1.0,0.5,50.79999999999998,103.25203252032513,take_profit,True,3.9,69.3,
ETH,Bull Call Spread,4000.0,4100.0,49.20000000000002,50.79999999999998,10,14,1.0,0.5,50.79999999999998,103.25203252032513,take_profit,True,3.9,69.3,
ETH,Bull Call Spread,4000.0,4100.0,49.20000000000002,50.79999999999998,15,7,1.0,0.5,50.79999999999998,103.25203252032513,take_profit,True,3.9,69.3,
ETH,Bull Call Spread,4000.0,4100.0,49.20000000000002,50.79999999999998,-15,7,1.0,0.75,-36.90000000000001,-75.0,stop_loss,False,3.9,69.3,
ETH,Bull Call Spread,4000.0,4100.0,49.20000000000002,50.79999999999998,-10,14,1.0,0.75,-36.90000000000001,-75.0,stop_loss,False,3.9,69.3,
ETH,Bull Call Spread,4000.0,4100.0,49.20000000000002,50.79999999999998,-5,21,1.0,0.75,-36.90000000000001,-75.0,stop_loss,False,3.9,69.3,
ETH,Bull Call Spread,4000.0,4100.0,49.20000000000002,50.79999999999998,0,30,1.0,0.75,-36.90000000000001,-75.0,stop_loss,False,3.9,69.3,
ETH,Bull Call Spread,4000.0,4100.0,49.20000000000002,50.79999999999998,5,21,1.0,0.75,50.79999999999998,103.25203252032513,take_profit,True,3.9,69.3,
ETH,Bull Call Spread,4000.0,4100.0,49.20000000000002,50.79999999999998,10,14,1.0,0.75,50.79999999999998,103.25203252032513,take_profit,True,3.9,69.3,
ETH,Bull Call Spread,4000.0,4100.0,49.20000000000002,50.79999999999998,15,7,1.0,0.75,50.79999999999998,103.25203252032513,take_profit,True,3.9,69.3,
ETH,Long Straddle,,,490.1,,-15,7,0.25,0.25,122.525,25.0,take_profit,True,20.3,78.6,4000.0
ETH,Long Straddle,,,490.1,,-10,14,0.25,0.25,-72.55900000000031,-14.804937767802551,expiry,False,20.3,78.6,4000.0
ETH,Long Straddle,,,490.1,,-5,21,0.25,0.25,-122.525,-25.0,stop_loss,False,20.3,78.6,4000.0
ETH,Long Straddle,,,490.1,,0,30,0.25,0.25,-122.525,-25.0,stop_loss,False,20.3,78.6,4000.0
ETH,Long Straddle,,,490.1,,5,21,0.25,0.25,-122.525,-25.0,stop_loss,False,20.3,78.6,4000.0
ETH,Long Straddle,,,490.1,,10,14,0.25,0.25,-111.53899999999942,-22.758416649663214,expiry,False,20.3,78.6,4000.0
ETH,Long Straddle,,,490.1,,15,7,0.25,0.25,87.48650000000032,17.850744745970275,expiry,True,20.3,78.6,4000.0
ETH,Long Straddle,,,490.1,,-15,7,0.25,0.5,122.525,25.0,take_profit,True,20.3,78.6,4000.0
ETH,Long Straddle,,,490.1,,-10,14,0.25,0.5,-72.55900000000031,-14.804937767802551,expiry,False,20.3,78.6,4000.0
ETH,Long Straddle,,,490.1,,-5,21,0.25,0.5,-245.05,-50.0,stop_loss,False,20.3,78.6,4000.0
ETH,Long Straddle,,,490.1,,0,30,0.25,0.5,-245.05,-50.0,stop_loss,False,20.3,78.6,4000.0
ETH,Long Straddle,,,490.1,,5,21,0.25,0.5,-245.05,-50.0,stop_loss,False,20.3,78.6,4000.0
ETH,Long Straddle,,,490.1,,10,14,0.25,0.5,-111.53899999999942,-22.758416649663214,expiry,False,20.3,78.6,4000.0
ETH,Long Straddle,,,490.1,,15,7,0.25,0.5,87.48650000000032,17.850744745970275,expiry,True,20.3,78.6,4000.0
ETH,Long Straddle,,,490.1,,-15,7,0.25,0.75,122.525,25.0,take_profit,True,20.3,78.6,4000.0
ETH,Long Straddle,,,490.1,,-10,14,0.25,0.75,-72.55900000000031,-14.804937767802551,expiry,False,20.3,78.6,4000.0
ETH,Long Straddle,,,490.1,,-5,21,0.25,0.75,-271.58450000000005,-55.414099163436035,expiry,False,20.3,78.6,4000.0
ETH,Long Straddle,,,490.1,,0,30,0.25,0.75,-367.57500000000005,-75.00000000000001,stop_loss,False,20.3,78.6,4000.0
ETH,Long Straddle,,,490.1,,5,21,0.25,0.75,-310.56450000000007,-63.36757804529689,expiry,False,20.3,78.6,4000.0
ETH,Long Straddle,,,490.1,,10,14,0.25,0.75,-111.53899999999942,-22.758416649663214,expiry,False,20.3,78.6,4000.0
ETH,Long Straddle,,,490.1,,15,7,0.25,0.75,87.48650000000032,17.850744745970275,expiry,True,20.3,78.6,4000.0
ETH,Long Straddle,,,490.1,,-15,7,0.5,0.25,126.46649999999988,25.80422362783103,expiry,True,20.3,78.6,4000.0
ETH,Long Straddle,,,490.1,,-10,14,0.5,0.25,-72.55900000000031,-14.804937767802551,expiry,False,20.3,78.6,4000.0
ETH,Long Straddle,,,490.1,,-5,21,0.5,0.25,-122.525,-25.0,stop_loss,False,20.3,78.6,4000.0
ETH,Long Straddle,,,490.1,,0,30,0.5,0.25,-122.525,-25.0,stop_loss,False,20.3,78.6,4000.0
ETH,Long Straddle,,,490.1,,5,21,0.5,0.25,-122.525,-25.0,stop_loss,False,20.3,78.6,4000.0
ETH,Long Straddle,,,490.1,,10,14,0.5,0.25,-111.53899999999942,-22.758416649663214,expiry,False,20.3,78.6,4000.0
ETH,Long Straddle,,,490.1,,15,7,0.5,0.25,87.48650000000032,17.850744745970275,expiry,True,20.3,78.6,4000.0
ETH,Long Straddle,,,490.1,,-15,7,0.5,0.5,126.46649999999988,25.80422362783103,expiry,True,20.3,78.6,4000.0
ETH,Long Straddle,,,490.1,,-10,14,0.5,0.5,-72.55900000000031,-14.804937767802551,expiry,False,20.3,78.6,4000.0
ETH,Long Straddle,,,490.1,,-5,21,0.5,0.5,-245.05,-50.0,stop_loss,False,20.3,78.6,4000.0
ETH,Long Straddle,,,490.1,,0,30,0.5,0.5,-245.05,-50.0,stop_loss,False,20.3,78.6,4000.0
ETH,Long Straddle,,,490.1,,5,21,0.5,0.5,-245.05,-50.0,stop_loss,False,20.3,78.6,4000.0
ETH,Long Straddle,,,490.1,,10,14,0.5,0.5,-111.53899999999942,-22.758416649663214,expiry,False,20.3,78.6,4000.0
ETH,Long Straddle,,,490.1,,15,7,0.5,0.5,87.48650000000032,17.850744745970275,expiry,True,20.3,78.6,4000.0
ETH,Long Straddle,,,490.1,,-15,7,0.5,0.75,126.46649999999988,25.80422362783103,expiry,True,20.3,78.6,4000.0
ETH,Long Straddle,,,490.1,,-10,14,0.5,0.75,-72.55900000000031,-14.804937767802551,expiry,False,20.3,78.6,4000.0
ETH,Long Straddle,,,490.1,,-5,21,0.5,0.75,-271.58450000000005,-55.414099163436035,expiry,False,20.3,78.6,4000.0
ETH,Long Straddle,,,490.1,,0,30,0.5,0.75,-367.57500000000005,-75.00000000000001,stop_loss,False,20.3,78.6,4000.0
ETH,Long Straddle,,,490.1,,5,21,0.5,0.75,-310.56450000000007,-63.36757804529689,expiry,False,20.3,78.6,4000.0
ETH,Long Straddle,,,490.1,,10,14,0.5,0.75,-111.53899999999942,-22.758416649663214,expiry,False,20.3,78.6,4000.0
ETH,Long Straddle,,,490.1,,15,7,0.5,0.75,87.48650000000032,17.850744745970275,expiry,True,20.3,78.6,4000.0
ETH,Long Straddle,,,490.1,,-15,7,0.75,0.25,126.46649999999988,25.80422362783103,expiry,True,20.3,78.6,4000.0
ETH,Long Straddle,,,490.1,,-10,14,0.75,0.25,-72.55900000000031,-14.804937767802551,expiry,False,20.3,78.6,4000.0
ETH,Long Straddle,,,490.1,,-5,21,0.75,0.25,-122.525,-25.0,stop_loss,False,20.3,78.6,4000.0
ETH,Long Straddle,,,490.1,,0,30,0.75,0.25,-122.525,-25.0,stop_loss,False,20.3,78.6,4000.0
ETH,Long Straddle,,,490.1,,5,21,0.75,0.25,-122.525,-25.0,stop_loss,False,20.3,78.6,4000.0
ETH,Long Straddle,,,490.1,,10,14,0.75,0.25,-111.53899999999942,-22.758416649663214,expiry,False,20.3,78.6,4000.0
ETH,Long Straddle,,,490.1,,15,7,0.75,0.25,87.48650000000032,17.850744745970275,expiry,True,20.3,78.6,4000.0
ETH,Long Straddle,,,490.1,,-15,7,0.75,0.5,126.46649999999988,25.80422362783103,expiry,True,20.3,78.6,4000.0
ETH,Long Straddle,,,490.1,,-10,14,0.75,0.5,-72.55900000000031,-14.804937767802551,expiry,False,20.3,78.6,4000.0
ETH,Long Straddle,,,490.1,,-5,21,0.75,0.5,-245.05,-50.0,stop_loss,False,20.3,78.6,4000.0
ETH,Long Straddle,,,490.1,,0,30,0.75,0.5,-245.05,-50.0,stop_loss,False,20.3,78.6,4000.0
ETH,Long Straddle,,,490.1,,5,21,0.75,0.5,-245.05,-50.0,stop_loss,False,20.3,78.6,4000.0
ETH,Long Straddle,,,490.1,,10,14,0.75,0.5,-111.53899999999942,-22.758416649663214,expiry,False,20.3,78.6,4000.0
ETH,Long Straddle,,,490.1,,15,7,0.75,0.5,87.48650000000032,17.850744745970275,expiry,True,20.3,78.6,4000.0
ETH,Long Straddle,,,490.1,,-15,7,0.75,0.75,126.46649999999988,25.80422362783103,expiry,True,20.3,78.6,4000.0
ETH,Long Straddle,,,490.1,,-10,14,0.75,0.75,-72.55900000000031,-14.804937767802551,expiry,False,20.3,78.6,4000.0
ETH,Long Straddle,,,490.1,,-5,21,0.75,0.75,-271.58450000000005,-55.414099163436035,expiry,False,20.3,78.6,4000.0
ETH,Long Straddle,,,490.1,,0,30,0.75,0.75,-367.57500000000005,-75.00000000000001,stop_loss,False,20.3,78.6,4000.0
ETH,Long Straddle,,,490.1,,5,21,0.75,0.75,-310.56450000000007,-63.36757804529689,expiry,False,20.3,78.6,4000.0
ETH,Long Straddle,,,490.1,,10,14,0.75,0.75,-111.53899999999942,-22.758416649663214,expiry,False,20.3,78.6,4000.0
ETH,Long Straddle,,,490.1,,15,7,0.75,0.75,87.48650000000032,17.850744745970275,expiry,True,20.3,78.6,4000.0
ETH,Long Straddle,,,490.1,,-15,7,1.0,0.25,126.46649999999988,25.80422362783103,expiry,True,20.3,78.6,4000.0
ETH,Long Straddle,,,490.1,,-10,14,1.0,0.25,-72.55900000000031,-14.804937767802551,expiry,False,20.3,78.6,4000.0
ETH,Long Straddle,,,490.1,,-5,21,1.0,0.25,-122.525,-25.0,stop_loss,False,20.3,78.6,4000.0
ETH,Long Straddle,,,490.1,,0,30,1.0,0.25,-122.525,-25.0,stop_loss,False,20.3,78.6,4000.0
ETH,Long Straddle,,,490.1,,5,21,1.0,0.25,-122.525,-25.0,stop_loss,False,20.3,78.6,4000.0
ETH,Long Straddle,,,490.1,,10,14,1.0,0.25,-111.53899999999942,-22.758416649663214,expiry,False,20.3,78.6,4000.0
ETH,Long Straddle,,,490.1,,15,7,1.0,0.25,87.48650000000032,17.850744745970275,expiry,True,20.3,78.6,4000.0
ETH,Long Straddle,,,490.1,,-15,7,1.0,0.5,126.46649999999988,25.80422362783103,expiry,True,20.3,78.6,4000.0
ETH,Long Straddle,,,490.1,,-10,14,1.0,0.5,-72.55900000000031,-14.804937767802551,expiry,False,20.3,78.6,4000.0
ETH,Long Straddle,,,490.1,,-5,21,1.0,0.5,-245.05,-50.0,stop_loss,False,20.3,78.6,4000.0
ETH,Long Straddle,,,490.1,,0,30,1.0,0.5,-245.05,-50.0,stop_loss,False,20.3,78.6,4000.0
ETH,Long Straddle,,,490.1,,5,21,1.0,0.5,-245.05,-50.0,stop_loss,False,20.3,78.6,4000.0
ETH,Long Straddle,,,490.1,,10,14,1.0,0.5,-111.53899999999942,-22.758416649663214,expiry,False,20.3,78.6,4000.0
ETH,Long Straddle,,,490.1,,15,7,1.0,0.5,87.48650000000032,17.850744745970275,expiry,True,20.3,78.6,4000.0
ETH,Long Straddle,,,490.1,,-15,7,1.0,0.75,126.46649999999988,25.80422362783103,expiry,True,20.3,78.6,4000.0
ETH,Long Straddle,,,490.1,,-10,14,1.0,0.75,-72.55900000000031,-14.804937767802551,expiry,False,20.3,78.6,4000.0
ETH,Long Straddle,,,490.1,,-5,21,1.0,0.75,-271.58450000000005,-55.414099163436035,expiry,False,20.3,78.6,4000.0
ETH,Long Straddle,,,490.1,,0,30,1.0,0.75,-367.57500000000005,-75.00000000000001,stop_loss,False,20.3,78.6,4000.0
ETH,Long Straddle,,,490.1,,5,21,1.0,0.75,-310.56450000000007,-63.36757804529689,expiry,False,20.3,78.6,4000.0
ETH,Long Straddle,,,490.1,,10,14,1.0,0.75,-111.53899999999942,-22.758416649663214,expiry,False,20.3,78.6,4000.0
ETH,Long Straddle,,,490.1,,15,7,1.0,0.75,87.48650000000032,17.850744745970275,expiry,True,20.3,78.6,4000.0
XRP,Bull Call Spread,3.0,3.5,0.022099999999999995,0.4779,-15,7,0.25,0.25,-0.005524999999999999,-25.0,stop_loss,False,2000.0,202080.0,
XRP,Bull Call Spread,3.0,3.5,0.022099999999999995,0.4779,-10,14,0.25,0.25,-0.005524999999999999,-25.0,stop_loss,False,2000.0,202080.0,
XRP,Bull Call Spread,3.0,3.5,0.022099999999999995,0.4779,-5,21,0.25,0.25,-0.005524999999999999,-25.0,stop_loss,False,2000.0,202080.0,
XRP,Bull Call Spread,3.0,3.5,0.022099999999999995,0.4779,0,30,0.25,0.25,-0.005524999999999999,-25.0,stop_loss,False,2000.0,202080.0,
XRP,Bull Call Spread,3.0,3.5,0.022099999999999995,0.4779,5,21,0.25,0.25,-0.005524999999999999,-25.0,stop_loss,False,2000.0,202080.0,
XRP,Bull Call Spread,3.0,3.5,0.022099999999999995,0.4779,10,14,0.25,0.25,-0.005524999999999999,-25.0,stop_loss,False,2000.0,202080.0,
XRP,Bull Call Spread,3.0,3.5,0.022099999999999995,0.4779,15,7,0.25,0.25,0.014819999999999847,67.0588235294111,expiry,True,2000.0,202080.0,
XRP,Bull Call Spread,3.0,3.5,0.022099999999999995,0.4779,-15,7,0.25,0.5,-0.011049999999999997,-50.0,stop_loss,False,2000.0,202080.0,
XRP,Bull Call Spread,3.0,3.5,0.022099999999999995,0.4779,-10,14,0.25,0.5,-0.011049999999999997,-50.0,stop_loss,False,2000.0,202080.0,
XRP,Bull Call Spread,3.0,3.5,0.022099999999999995,0.4779,-5,21,0.25,0.5,-0.011049999999999997,-50.0,stop_loss,False,2000.0,202080.0,
XRP,Bull Call Spread,3.0,3.5,0.022099999999999995,0.4779,0,30,0.25,0.5,-0.011049999999999997,-50.0,stop_loss,False,2000.0,202080.0,
XRP,Bull Call Spread,3.0,3.5,0.022099999999999995,0.4779,5,21,0.25,0.5,-0.011049999999999997,-50.0,stop_loss,False,2000.0,202080.0,
XRP,Bull Call Spread,3.0,3.5,0.022099999999999995,0.4779,10,14,0.25,0.5,-0.011049999999999997,-50.0,stop_loss,False,2000.0,202080.0,
XRP,Bull Call Spread,3.0,3.5,0.022099999999999995,0.4779,15,7,0.25,0.5,0.014819999999999847,67.0588235294111,expiry,True,2000.0,202080.0,
XRP,Bull Call Spread,3.0,3.5,0.022099999999999995,0.4779,-15,7,0.25,0.75,-0.016574999999999996,-75.0,stop_loss,False,2000.0,202080.0,
XRP,Bull Call Spread,3.0,3.5,0.022099999999999995,0.4779,-10,14,0.25,0.75,-0.016574999999999996,-75.0,stop_loss,False,2000.0,202080.0,
XRP,Bull Call Spread,3.0,3.5,0.022099999999999995,0.4779,-5,21,0.25,0.75,-0.016574999999999996,-75.0,stop_loss,False,2000.0,202080.0,
XRP,Bull Call Spread,3.0,3.5,0.022099999999999995,0.4779,0,30,0.25,0.75,-0.016574999999999996,-75.0,stop_loss,False,2000.0,202080.0,
XRP,Bull Call Spread,3.0,3.5,0.022099999999999995,0.4779,5,21,0.25,0.75,-0.016574999999999996,-75.0,stop_loss,False,2000.0,202080.0,
XRP,Bull Call Spread,3.0,3.5,0.022099999999999995,0.4779,10,14,0.25,0.75,-0.016574999999999996,-75.0,stop_loss,False,2000.0,202080.0,
XRP,Bull Call Spread,3.0,3.5,0.022099999999999995,0.4779,15,7,0.25,0.75,0.014819999999999847,67.0588235294111,expiry,True,2000.0,202080.0,
XRP,Bull Call Spread,3.0,3.5,0.022099999999999995,0.4779,-15,7,0.5,0.25,-0.005524999999999999,-25.0,stop_loss,False,2000.0,202080.0,
XRP,Bull Call Spread,3.0,3.5,0.022099999999999995,0.4779,-10,14,0.5,0.25,-0.005524999999999999,-25.0,stop_loss,False,2000.0,202080.0,
XRP,Bull Call Spread,3.0,3.5,0.022099999999999995,0.4779,-5,21,0.5,0.25,-0.005524999999999999,-25.0,stop_loss,False,2000.0,202080.0,
XRP,Bull Call Spread,3.0,3.5,0.022099999999999995,0.4779,0,30,0.5,0.25,-0.005524999999999999,-25.0,stop_loss,False,2000.0,202080.0,
XRP,Bull Call Spread,3.0,3.5,0.022099999999999995,0.4779,5,21,0.5,0.25,-0.005524999999999999,-25.0,stop_loss,False,2000.0,202080.0,
XRP,Bull Call Spread,3.0,3.5,0.022099999999999995,0.4779,10,14,0.5,0.25,-0.005524999999999999,-25.0,stop_loss,False,2000.0,202080.0,
XRP,Bull Call Spread,3.0,3.5,0.022099999999999995,0.4779,15,7,0.5,0.25,0.014819999999999847,67.0588235294111,expiry,True,2000.0,202080.0,
XRP,Bull Call Spread,3.0,3.5,0.022099999999999995,0.4779,-15,7,0.5,0.5,-0.011049999999999997,-50.0,stop_loss,False,2000.0,202080.0,
XRP,Bull Call Spread,3.0,3.5,0.022099999999999995,0.4779,-10,14,0.5,0.5,-0.011049999999999997,-50.0,stop_loss,False,2000.0,202080.0,
XRP,Bull Call Spread,3.0,3.5,0.022099999999999995,0.4779,-5,21,0.5,0.5,-0.011049999999999997,-50.0,stop_loss,False,2000.0,202080.0,
XRP,Bull Call Spread,3.0,3.5,0.022099999999999995,0.4779,0,30,0.5,0.5,-0.011049999999999997,-50.0,stop_loss,False,2000.0,202080.0,
XRP,Bull Call Spread,3.0,3.5,0.022099999999999995,0.4779,5,21,0.5,0.5,-0.011049999999999997,-50.0,stop_loss,False,2000.0,202080.0,
XRP,Bull Call Spread,3.0,3.5,0.022099999999999995,0.4779,10,14,0.5,0.5,-0.011049999999999997,-50.0,stop_loss,False,2000.0,202080.0,
XRP,Bull Call Spread,3.0,3.5,0.022099999999999995,0.4779,15,7,0.5,0.5,0.014819999999999847,67.0588235294111,expiry,True,2000.0,202080.0,
XRP,Bull Call Spread,3.0,3.5,0.022099999999999995,0.4779,-15,7,0.5,0.75,-0.016574999999999996,-75.0,stop_loss,False,2000.0,202080.0,
XRP,Bull Call Spread,3.0,3.5,0.022099999999999995,0.4779,-10,14,0.5,0.75,-0.016574999999999996,-75.0,stop_loss,False,2000.0,202080.0,
XRP,Bull Call Spread,3.0,3.5,0.022099999999999995,0.4779,-5,21,0.5,0.75,-0.016574999999999996,-75.0,stop_loss,False,2000.0,202080.0,
XRP,Bull Call Spread,3.0,3.5,0.022099999999999995,0.4779,0,30,0.5,0.75,-0.016574999999999996,-75.0,stop_loss,False,2000.0,202080.0,
XRP,Bull Call Spread,3.0,3.5,0.022099999999999995,0.4779,5,21,0.5,0.75,-0.016574999999999996,-75.0,stop_loss,False,2000.0,202080.0,
XRP,Bull Call Spread,3.0,3.5,0.022099999999999995,0.4779,10,14,0.5,0.75,-0.016574999999999996,-75.0,stop_loss,False,2000.0,202080.0,
XRP,Bull Call Spread,3.0,3.5,0.022099999999999995,0.4779,15,7,0.5,0.75,0.014819999999999847,67.0588235294111,expiry,True,2000.0,202080.0,
XRP,Bull Call Spread,3.0,3.5,0.022099999999999995,0.4779,-15,7,0.75,0.25,-0.005524999999999999,-25.0,stop_loss,False,2000.0,202080.0,
XRP,Bull Call Spread,3.0,3.5,0.022099999999999995,0.4779,-10,14,0.75,0.25,-0.005524999999999999,-25.0,stop_loss,False,2000.0,202080.0,
XRP,Bull Call Spread,3.0,3.5,0.022099999999999995,0.4779,-5,21,0.75,0.25,-0.005524999999999999,-25.0,stop_loss,False,2000.0,202080.0,
XRP,Bull Call Spread,3.0,3.5,0.022099999999999995,0.4779,0,30,0.75,0.25,-0.005524999999999999,-25.0,stop_loss,False,2000.0,202080.0,
XRP,Bull Call Spread,3.0,3.5,0.022099999999999995,0.4779,5,21,0.75,0.25,-0.005524999999999999,-25.0,stop_loss,False,2000.0,202080.0,
XRP,Bull Call Spread,3.0,3.5,0.022099999999999995,0.4779,10,14,0.75,0.25,-0.005524999999999999,-25.0,stop_loss,False,2000.0,202080.0,
XRP,Bull Call Spread,3.0,3.5,0.022099999999999995,0.4779,15,7,0.75,0.25,0.014819999999999847,67.0588235294111,expiry,True,2000.0,202080.0,
XRP,Bull Call Spread,3.0,3.5,0.022099999999999995,0.4779,-15,7,0.75,0.5,-0.011049999999999997,-50.0,stop_loss,False,2000.0,202080.0,
XRP,Bull Call Spread,3.0,3.5,0.022099999999999995,0.4779,-10,14,0.75,0.5,-0.011049999999999997,-50.0,stop_loss,False,2000.0,202080.0,
XRP,Bull Call Spread,3.0,3.5,0.022099999999999995,0.4779,-5,21,0.75,0.5,-0.011049999999999997,-50.0,stop_loss,False,2000.0,202080.0,
XRP,Bull Call Spread,3.0,3.5,0.022099999999999995,0.4779,0,30,0.75,0.5,-0.011049999999999997,-50.0,stop_loss,False,2000.0,202080.0,
XRP,Bull Call Spread,3.0,3.5,0.022099999999999995,0.4779,5,21,0.75,0.5,-0.011049999999999997,-50.0,stop_loss,False,2000.0,202080.0,
XRP,Bull Call Spread,3.0,3.5,0.022099999999999995,0.4779,10,14,0.75,0.5,-0.011049999999999997,-50.0,stop_loss,False,2000.0,202080.0,
XRP,Bull Call Spread,3.0,3.5,0.022099999999999995,0.4779,15,7,0.75,0.5,0.014819999999999847,67.0588235294111,expiry,True,2000.0,202080.0,
XRP,Bull Call Spread,3.0,3.5,0.022099999999999995,0.4779,-15,7,0.75,0.75,-0.016574999999999996,-75.0,stop_loss,False,2000.0,202080.0,
XRP,Bull Call Spread,3.0,3.5,0.022099999999999995,0.4779,-10,14,0.75,0.75,-0.016574999999999996,-75.0,stop_loss,False,2000.0,202080.0,
XRP,Bull Call Spread,3.0,3.5,0.022099999999999995,0.4779,-5,21,0.75,0.75,-0.016574999999999996,-75.0,stop_loss,False,2000.0,202080.0,
XRP,Bull Call Spread,3.0,3.5,0.022099999999999995,0.4779,0,30,0.75,0.75,-0.016574999999999996,-75.0,stop_loss,False,2000.0,202080.0,
XRP,Bull Call Spread,3.0,3.5,0.022099999999999995,0.4779,5,21,0.75,0.75,-0.016574999999999996,-75.0,stop_loss,False,2000.0,202080.0,
XRP,Bull Call Spread,3.0,3.5,0.022099999999999995,0.4779,10,14,0.75,0.75,-0.016574999999999996,-75.0,stop_loss,False,2000.0,202080.0,
XRP,Bull Call Spread,3.0,3.5,0.022099999999999995,0.4779,15,7,0.75,0.75,0.014819999999999847,67.0588235294111,expiry,True,2000.0,202080.0,
XRP,Bull Call Spread,3.0,3.5,0.022099999999999995,0.4779,-15,7,1.0,0.25,-0.005524999999999999,-25.0,stop_loss,False,2000.0,202080.0,
XRP,Bull Call Spread,3.0,3.5,0.022099999999999995,0.4779,-10,14,1.0,0.25,-0.005524999999999999,-25.0,stop_loss,False,2000.0,202080.0,
XRP,Bull Call Spread,3.0,3.5,0.022099999999999995,0.4779,-5,21,1.0,0.25,-0.005524999999999999,-25.0,stop_loss,False,2000.0,202080.0,
XRP,Bull Call Spread,3.0,3.5,0.022099999999999995,0.4779,0,30,1.0,0.25,-0.005524999999999999,-25.0,stop_loss,False,2000.0,202080.0,
XRP,Bull Call Spread,3.0,3.5,0.022099999999999995,0.4779,5,21,1.0,0.25,-0.005524999999999999,-25.0,stop_loss,False,2000.0,202080.0,
XRP,Bull Call Spread,3.0,3.5,0.022099999999999995,0.4779,10,14,1.0,0.25,-0.005524999999999999,-25.0,stop_loss,False,2000.0,202080.0,
XRP,Bull Call Spread,3.0,3.5,0.022099999999999995,0.4779,15,7,1.0,0.25,0.014819999999999847,67.0588235294111,expiry,True,2000.0,202080.0,
XRP,Bull Call Spread,3.0,3.5,0.022099999999999995,0.4779,-15,7,1.0,0.5,-0.011049999999999997,-50.0,stop_loss,False,2000.0,202080.0,
XRP,Bull Call Spread,3.0,3.5,0.022099999999999995,0.4779,-10,14,1.0,0.5,-0.011049999999999997,-50.0,stop_loss,False,2000.0,202080.0,
XRP,Bull Call Spread,3.0,3.5,0.022099999999999995,0.4779,-5,21,1.0,0.5,-0.011049999999999997,-50.0,stop_loss,False,2000.0,202080.0,
XRP,Bull Call Spread,3.0,3.5,0.022099999999999995,0.4779,0,30,1.0,0.5,-0.011049999999999997,-50.0,stop_loss,False,2000.0,202080.0,
XRP,Bull Call Spread,3.0,3.5,0.022099999999999995,0.4779,5,21,1.0,0.5,-0.011049999999999997,-50.0,stop_loss,False,2000.0,202080.0,
XRP,Bull Call Spread,3.0,3.5,0.022099999999999995,0.4779,10,14,1.0,0.5,-0.011049999999999997,-50.0,stop_loss,False,2000.0,202080.0,
XRP,Bull Call Spread,3.0,3.5,0.022099999999999995,0.4779,15,7,1.0,0.5,0.014819999999999847,67.0588235294111,expiry,True,2000.0,202080.0,
XRP,Bull Call Spread,3.0,3.5,0.022099999999999995,0.4779,-15,7,1.0,0.75,-0.016574999999999996,-75.0,stop_loss,False,2000.0,202080.0,
XRP,Bull Call Spread,3.0,3.5,0.022099999999999995,0.4779,-10,14,1.0,0.75,-0.016574999999999996,-75.0,stop_loss,False,2000.0,202080.0,
XRP,Bull Call Spread,3.0,3.5,0.022099999999999995,0.4779,-5,21,1.0,0.75,-0.016574999999999996,-75.0,stop_loss,False,2000.0,202080.0,
XRP,Bull Call Spread,3.0,3.5,0.022099999999999995,0.4779,0,30,1.0,0.75,-0.016574999999999996,-75.0,stop_loss,False,2000.0,202080.0,
XRP,Bull Call Spread,3.0,3.5,0.022099999999999995,0.4779,5,21,1.0,0.75,-0.016574999999999996,-75.0,stop_loss,False,2000.0,202080.0,
XRP,Bull Call Spread,3.0,3.5,0.022099999999999995,0.4779,10,14,1.0,0.75,-0.016574999999999996,-75.0,stop_loss,False,2000.0,202080.0,
XRP,Bull Call Spread,3.0,3.5,0.022099999999999995,0.4779,15,7,1.0,0.75,0.014819999999999847,67.0588235294111,expiry,True,2000.0,202080.0,
XRP,Long Straddle,,,1.0,,-15,7,0.25,0.25,-0.25,-25.0,stop_loss,False,0.0,100040.0,2.5
XRP,Long Straddle,,,1.0,,-10,14,0.25,0.25,-0.25,-25.0,stop_loss,False,0.0,100040.0,2.5
XRP,Long Straddle,,,1.0,,-5,21,0.25,0.25,-0.25,-25.0,stop_loss,False,0.0,100040.0,2.5
XRP,Long Straddle,,,1.0,,0,30,0.25,0.25,-0.25,-25.0,stop_loss,False,0.0,100040.0,2.5
XRP,Long Straddle,,,1.0,,5,21,0.25,0.25,-0.25,-25.0,stop_loss,False,0.0,100040.0,2.5
XRP,Long Straddle,,,1.0,,10,14,0.25,0.25,-0.25,-25.0,stop_loss,False,0.0,100040.0,2.5
XRP,Long Straddle,,,1.0,,15,7,0.25,0.25,-0.25,-25.0,stop_loss,False,0.0,100040.0,2.5
XRP,Long Straddle,,,1.0,,-15,7,0.25,0.5,-0.5,-50.0,stop_loss,False,0.0,100040.0,2.5
XRP,Long Straddle,,,1.0,,-10,14,0.25,0.5,-0.5,-50.0,stop_loss,False,0.0,100040.0,2.5
XRP,Long Straddle,,,1.0,,-5,21,0.25,0.5,-0.5,-50.0,stop_loss,False,0.0,100040.0,2.5
XRP,Long Straddle,,,1.0,,0,30,0.25,0.5,-0.5,-50.0,stop_loss,False,0.0,100040.0,2.5
XRP,Long Straddle,,,1.0,,5,21,0.25,0.5,-0.5,-50.0,stop_loss,False,0.0,100040.0,2.5
XRP,Long Straddle,,,1.0,,10,14,0.25,0.5,-0.5,-50.0,stop_loss,False,0.0,100040.0,2.5
XRP,Long Straddle,,,1.0,,15,7,0.25,0.5,-0.46308000000000016,-46.308000000000014,expiry,False,0.0,100040.0,2.5
XRP,Long Straddle,,,1.0,,-15,7,0.25,0.75,-0.7446799999999998,-74.46799999999998,expiry,False,0.0,100040.0,2.5
XRP,Long Straddle,,,1.0,,-10,14,0.25,0.75,-0.75,-75.0,stop_loss,False,0.0,100040.0,2.5
XRP,Long Straddle,,,1.0,,-5,21,0.25,0.75,-0.75,-75.0,stop_loss,False,0.0,100040.0,2.5
XRP,Long Straddle,,,1.0,,0,30,0.25,0.75,-0.75,-75.0,stop_loss,False,0.0,100040.0,2.5
XRP,Long Straddle,,,1.0,,5,21,0.25,0.75,-0.72716,-72.71600000000001,expiry,False,0.0,100040.0,2.5
XRP,Long Straddle,,,1.0,,10,14,0.25,0.75,-0.5951199999999996,-59.511999999999965,expiry,False,0.0,100040.0,2.5
XRP,Long Straddle,,,1.0,,15,7,0.25,0.75,-0.46308000000000016,-46.308000000000014,expiry,False,0.0,100040.0,2.5
XRP,Long Straddle,,,1.0,,-15,7,0.5,0.25,-0.25,-25.0,stop_loss,False,0.0,100040.0,2.5
XRP,Long Straddle,,,1.0,,-10,14,0.5,0.25,-0.25,-25.0,stop_loss,False,0.0,100040.0,2.5
XRP,Long Straddle,,,1.0,,-5,21,0.5,0.25,-0.25,-25.0,stop_loss,False,0.0,100040.0,2.5
XRP,Long Straddle,,,1.0,,0,30,0.5,0.25,-0.25,-25.0,stop_loss,False,0.0,100040.0,2.5
XRP,Long Straddle,,,1.0,,5,21,0.5,0.25,-0.25,-25.0,stop_loss,False,0.0,100040.0,2.5
XRP,Long Straddle,,,1.0,,10,14,0.5,0.25,-0.25,-25.0,stop_loss,False,0.0,100040.0,2.5
XRP,Long Straddle,,,1.0,,15,7,0.5,0.25,-0.25,-25.0,stop_loss,False,0.0,100040.0,2.5
XRP,Long Straddle,,,1.0,,-15,7,0.5,0.5,-0.5,-50.0,stop_loss,False,0.0,100040.0,2.5
XRP,Long Straddle,,,1.0,,-10,14,0.5,0.5,-0.5,-50.0,stop_loss,False,0.0,100040.0,2.5
XRP,Long Straddle,,,1.0,,-5,21,0.5,0.5,-0.5,-50.0,stop_loss,False,0.0,100040.0,2.5
XRP,Long Straddle,,,1.0,,0,30,0.5,0.5,-0.5,-50.0,stop_loss,False,0.0,100040.0,2.5
XRP,Long Straddle,,,1.0,,5,21,0.5,0.5,-0.5,-50.0,stop_loss,False,0.0,100040.0,2.5
XRP,Long Straddle,,,1.0,,10,14,0.5,0.5,-0.5,-50.0,stop_loss,False,0.0,100040.0,2.5
XRP,Long Straddle,,,1.0,,15,7,0.5,0.5,-0.46308000000000016,-46.308000000000014,expiry,False,0.0,100040.0,2.5
XRP,Long Straddle,,,1.0,,-15,7,0.5,0.75,-0.7446799999999998,-74.46799999999998,expiry,False,0.0,100040.0,2.5
XRP,Long Straddle,,,1.0,,-10,14,0.5,0.75,-0.75,-75.0,stop_loss,False,0.0,100040.0,2.5
XRP,Long Straddle,,,1.0,,-5,21,0.5,0.75,-0.75,-75.0,stop_loss,False,0.0,100040.0,2.5
XRP,Long Straddle,,,1.0,,0,30,0.5,0.75,-0.75,-75.0,stop_loss,False,0.0,100040.0,2.5
XRP,Long Straddle,,,1.0,,5,21,0.5,0.75,-0.72716,-72.71600000000001,expiry,False,0.0,100040.0,2.5
XRP,Long Straddle,,,1.0,,10,14,0.5,0.75,-0.5951199999999996,-59.511999999999965,expiry,False,0.0,100040.0,2.5
XRP,Long Straddle,,,1.0,,15,7,0.5,0.75,-0.46308000000000016,-46.308000000000014,expiry,False,0.0,100040.0,2.5
XRP,Long Straddle,,,1.0,,-15,7,0.75,0.25,-0.25,-25.0,stop_loss,False,0.0,100040.0,2.5
XRP,Long Straddle,,,1.0,,-10,14,0.75,0.25,-0.25,-25.0,stop_loss,False,0.0,100040.0,2.5
XRP,Long Straddle,,,1.0,,-5,21,0.75,0.25,-0.25,-25.0,stop_loss,False,0.0,100040.0,2.5
XRP,Long Straddle,,,1.0,,0,30,0.75,0.25,-0.25,-25.0,stop_loss,False,0.0,100040.0,2.5
XRP,Long Straddle,,,1.0,,5,21,0.75,0.25,-0.25,-25.0,stop_loss,False,0.0,100040.0,2.5
XRP,Long Straddle,,,1.0,,10,14,0.75,0.25,-0.25,-25.0,stop_loss,False,0.0,100040.0,2.5
XRP,Long Straddle,,,1.0,,15,7,0.75,0.25,-0.25,-25.0,stop_loss,False,0.0,100040.0,2.5
XRP,Long Straddle,,,1.0,,-15,7,0.75,0.5,-0.5,-50.0,stop_loss,False,0.0,100040.0,2.5
XRP,Long Straddle,,,1.0,,-10,14,0.75,0.5,-0.5,-50.0,stop_loss,False,0.0,100040.0,2.5
XRP,Long Straddle,,,1.0,,-5,21,0.75,0.5,-0.5,-50.0,stop_loss,False,0.0,100040.0,2.5
XRP,Long Straddle,,,1.0,,0,30,0.75,0.5,-0.5,-50.0,stop_loss,False,0.0,100040.0,2.5
XRP,Long Straddle,,,1.0,,5,21,0.75,0.5,-0.5,-50.0,stop_loss,False,0.0,100040.0,2.5
XRP,Long Straddle,,,1.0,,10,14,0.75,0.5,-0.5,-50.0,stop_loss,False,0.0,100040.0,2.5
XRP,Long Straddle,,,1.0,,15,7,0.75,0.5,-0.46308000000000016,-46.308000000000014,expiry,False,0.0,100040.0,2.5
XRP,Long Straddle,,,1.0,,-15,7,0.75,0.75,-0.7446799999999998,-74.46799999999998,expiry,False,0.0,100040.0,2.5
XRP,Long Straddle,,,1.0,,-10,14,0.75,0.75,-0.75,-75.0,stop_loss,False,0.0,100040.0,2.5
XRP,Long Straddle,,,1.0,,-5,21,0.75,0.75,-0.75,-75.0,stop_loss,False,0.0,100040.0,2.5
XRP,Long Straddle,,,1.0,,0,30,0.75,0.75,-0.75,-75.0,stop_loss,False,0.0,100040.0,2.5
XRP,Long Straddle,,,1.0,,5,21,0.75,0.75,-0.72716,-72.71600000000001,expiry,False,0.0,100040.0,2.5
XRP,Long Straddle,,,1.0,,10,14,0.75,0.75,-0.5951199999999996,-59.511999999999965,expiry,False,0.0,100040.0,2.5
XRP,Long Straddle,,,1.0,,15,7,0.75,0.75,-0.46308000000000016,-46.308000000000014,expiry,False,0.0,100040.0,2.5
XRP,Long Straddle,,,1.0,,-15,7,1.0,0.25,-0.25,-25.0,stop_loss,False,0.0,100040.0,2.5
XRP,Long Straddle,,,1.0,,-10,14,1.0,0.25,-0.25,-25.0,stop_loss,False,0.0,100040.0,2.5
XRP,Long Straddle,,,1.0,,-5,21,1.0,0.25,-0.25,-25.0,stop_loss,False,0.0,100040.0,2.5
XRP,Long Straddle,,,1.0,,0,30,1.0,0.25,-0.25,-25.0,stop_loss,False,0.0,100040.0,2.5
XRP,Long Straddle,,,1.0,,5,21,1.0,0.25,-0.25,-25.0,stop_loss,False,0.0,100040.0,2.5
XRP,Long Straddle,,,1.0,,10,14,1.0,0.25,-0.25,-25.0,stop_loss,False,0.0,100040.0,2.5
XRP,Long Straddle,,,1.0,,15,7,1.0,0.25,-0.25,-25.0,stop_loss,False,0.0,100040.0,2.5
XRP,Long Straddle,,,1.0,,-15,7,1.0,0.5,-0.5,-50.0,stop_loss,False,0.0,100040.0,2.5
XRP,Long Straddle,,,1.0,,-10,14,1.0,0.5,-0.5,-50.0,stop_loss,False,0.0,100040.0,2.5
XRP,Long Straddle,,,1.0,,-5,21,1.0,0.5,-0.5,-50.0,stop_loss,False,0.0,100040.0,2.5
XRP,Long Straddle,,,1.0,,0,30,1.0,0.5,-0.5,-50.0,stop_loss,False,0.0,100040.0,2.5
XRP,Long Straddle,,,1.0,,5,21,1.0,0.5,-0.5,-50.0,stop_loss,False,0.0,100040.0,2.5
XRP,Long Straddle,,,1.0,,10,14,1.0,0.5,-0.5,-50.0,stop_loss,False,0.0,100040.0,2.5
XRP,Long Straddle,,,1.0,,15,7,1.0,0.5,-0.46308000000000016,-46.308000000000014,expiry,False,0.0,100040.0,2.5
XRP,Long Straddle,,,1.0,,-15,7,1.0,0.75,-0.7446799999999998,-74.46799999999998,expiry,False,0.0,100040.0,2.5
XRP,Long Straddle,,,1.0,,-10,14,1.0,0.75,-0.75,-75.0,stop_loss,False,0.0,100040.0,2.5
XRP,Long Straddle,,,1.0,,-5,21,1.0,0.75,-0.75,-75.0,stop_loss,False,0.0,100040.0,2.5
XRP,Long Straddle,,,1.0,,0,30,1.0,0.75,-0.75,-75.0,stop_loss,False,0.0,100040.0,2.5
XRP,Long Straddle,,,1.0,,5,21,1.0,0.75,-0.72716,-72.71600000000001,expiry,False,0.0,100040.0,2.5
XRP,Long Straddle,,,1.0,,10,14,1.0,0.75,-0.5951199999999996,-59.511999999999965,expiry,False,0.0,100040.0,2.5
XRP,Long Straddle,,,1.0,,15,7,1.0,0.75,-0.46308000000000016,-46.308000000000014,expiry,False,0.0,100040.0,2.5
